Time,Voltage [U],Voltage [V],Voltage [W],,,Current [U],Current [V],Current [W],,,Power [U],Power [V],Power [W]
29/06/2023 16:07:00:861,345.998,0,0,,,0.0891072,0,0,,,30.8404,0,0
29/06/2023 16:07:01:834,345.998,0,0,,,0.0894797,0,0,,,30.9441,0,0
29/06/2023 16:07:02:914,345.997,0,0,,,0.0894476,0,0,,,30.9424,0,0
29/06/2023 16:07:03:894,345.996,0,0,,,0.0880726,0,0,,,30.4614,0,0
29/06/2023 16:07:05:069,345.998,0,0,,,0.0885312,0,0,,,30.5716,0,0
29/06/2023 16:07:06:273,345.997,0,0,,,0.0891615,0,0,,,30.8698,0,0
29/06/2023 16:07:07:573,345.997,0,0,,,0.0888985,0,0,,,30.7944,0,0
29/06/2023 16:07:08:589,345.998,0,0,,,0.0892215,0,0,,,30.6184,0,0
29/06/2023 16:07:09:615,345.997,0,0,,,0.0891237,0,0,,,30.8325,0,0
29/06/2023 16:07:10:838,345.998,0,0,,,0.0879177,0,0,,,30.3884,0,0
29/06/2023 16:07:11:829,345.998,7.6116e-311,7.6116e-311,,,0.0891306,7.6116e-311,7.6116e-311,,,30.8179,7.6116e-311,7.6116e-311
29/06/2023 16:07:12:880,345.997,7.62009e-311,7.62009e-311,,,0.087764,7.62009e-311,7.62009e-311,,,30.3515,7.62009e-311,7.62009e-311
29/06/2023 16:07:13:989,345.997,7.62857e-311,7.62857e-311,,,0.0857642,7.62857e-311,7.62857e-311,,,29.6572,7.62857e-311,7.62857e-311
29/06/2023 16:07:14:901,345.997,7.63706e-311,7.63706e-311,,,0.0886158,7.63706e-311,7.63706e-311,,,30.6429,7.63706e-311,7.63706e-311
29/06/2023 16:07:16:332,345.998,7.64555e-311,7.64555e-311,,,0.0889529,7.64555e-311,7.64555e-311,,,30.7439,7.64555e-311,7.64555e-311
29/06/2023 16:07:17:107,345.996,7.65404e-311,7.65404e-311,,,0.0884366,7.65404e-311,7.65404e-311,,,30.6469,7.65404e-311,7.65404e-311
29/06/2023 16:07:18:165,345.998,7.66253e-311,7.66253e-311,,,0.0882249,7.66253e-311,7.66253e-311,,,30.6203,7.66253e-311,7.66253e-311
29/06/2023 16:07:18:996,345.998,7.67101e-311,7.67101e-311,,,0.0880394,7.67101e-311,7.67101e-311,,,30.5059,7.67101e-311,7.67101e-311
29/06/2023 16:07:20:236,345.997,7.6795e-311,7.6795e-311,,,0.087762,7.6795e-311,7.6795e-311,,,30.3925,7.6795e-311,7.6795e-311
29/06/2023 16:07:21:233,345.996,7.68799e-311,7.68799e-311,,,0.0886935,7.68799e-311,7.68799e-311,,,30.6795,7.68799e-311,7.68799e-311
29/06/2023 16:07:22:259,345.996,7.69648e-311,7.69648e-311,,,0.0879435,7.69648e-311,7.69648e-311,,,30.4087,7.69648e-311,7.69648e-311
29/06/2023 16:07:23:075,345.998,7.70497e-311,7.70497e-311,,,0.0878549,7.70497e-311,7.70497e-311,,,30.3892,7.70497e-311,7.70497e-311
29/06/2023 16:07:24:477,345.996,7.71345e-311,7.71345e-311,,,0.0859836,7.71345e-311,7.71345e-311,,,29.7658,7.71345e-311,7.71345e-311
29/06/2023 16:07:25:280,345.997,7.72194e-311,7.72194e-311,,,0.087617,7.72194e-311,7.72194e-311,,,30.563,7.72194e-311,7.72194e-311
29/06/2023 16:07:26:496,345.996,1.79939e-320,1.79939e-320,,,0.0889586,1.79939e-320,1.79939e-320,,,30.7754,1.79939e-320,1.79939e-320
29/06/2023 16:07:27:308,345.997,7.73892e-311,7.73892e-311,,,0.0870554,7.73892e-311,7.73892e-311,,,30.1231,7.73892e-311,7.73892e-311
29/06/2023 16:07:28:325,345.998,7.74741e-311,7.74741e-311,,,0.0882041,7.74741e-311,7.74741e-311,,,30.5386,7.74741e-311,7.74741e-311
29/06/2023 16:07:29:155,345.997,7.75589e-311,7.75589e-311,,,0.0877385,7.75589e-311,7.75589e-311,,,30.3902,7.75589e-311,7.75589e-311
29/06/2023 16:07:30:588,345.998,7.76438e-311,7.76438e-311,,,0.0886686,7.76438e-311,7.76438e-311,,,30.7414,7.76438e-311,7.76438e-311
29/06/2023 16:07:31:579,345.997,7.77287e-311,7.77287e-311,,,0.0884177,7.77287e-311,7.77287e-311,,,30.5993,7.77287e-311,7.77287e-311
29/06/2023 16:07:32:602,345.998,7.78136e-311,7.78136e-311,,,0.0890299,7.78136e-311,7.78136e-311,,,30.816,7.78136e-311,7.78136e-311
29/06/2023 16:07:33:638,345.997,7.78985e-311,7.78985e-311,,,0.0888082,7.78985e-311,7.78985e-311,,,30.7542,7.78985e-311,7.78985e-311
29/06/2023 16:07:34:630,345.996,7.79833e-311,7.79833e-311,,,0.088725,7.79833e-311,7.79833e-311,,,30.6677,7.79833e-311,7.79833e-311
29/06/2023 16:07:35:653,345.997,0,0,,,0.0887716,0,0,,,30.6738,0,0
29/06/2023 16:07:37:088,345.996,1.78715e+161,1.78715e+161,,,0.0882777,1.78715e+161,1.78715e+161,,,30.5563,1.78715e+161,1.78715e+161
29/06/2023 16:07:37:697,345.996,0,0,,,0.0874779,0,0,,,30.3225,0,0
29/06/2023 16:07:38:918,345.997,1.9098e-313,1.9098e-313,,,0.0886378,1.9098e-313,1.9098e-313,,,30.7029,1.9098e-313,1.9098e-313
29/06/2023 16:07:39:732,345.997,2.8707e-306,2.8707e-306,,,0.0876085,2.8707e-306,2.8707e-306,,,30.3424,2.8707e-306,2.8707e-306
29/06/2023 16:07:41:125,345.997,4.72853e-307,4.72853e-307,,,0.0888574,4.72853e-307,4.72853e-307,,,30.8112,4.72853e-307,4.72853e-307
29/06/2023 16:07:41:943,345.997,2.36475e-308,2.36475e-308,,,0.0878416,2.36475e-308,2.36475e-308,,,30.3977,2.36475e-308,2.36475e-308
29/06/2023 16:07:42:967,345.996,4.72828e-307,4.72828e-307,,,0.0882941,4.72828e-307,4.72828e-307,,,30.5177,4.72828e-307,4.72828e-307
29/06/2023 16:07:43:976,345.996,8.285e-317,8.285e-317,,,0.08636,8.285e-317,8.285e-317,,,29.8501,8.285e-317,8.285e-317
29/06/2023 16:07:45:006,345.997,0,0,,,0.0867539,0,0,,,30.0341,0,0
29/06/2023 16:07:46:007,345.997,0,0,,,0.088875,0,0,,,30.7845,0,0
29/06/2023 16:07:47:224,345.997,1.50202e-307,1.50202e-307,,,0.0857708,1.50202e-307,1.50202e-307,,,29.73,1.50202e-307,1.50202e-307
29/06/2023 16:07:48:026,345.998,1.50201e-307,1.50201e-307,,,0.0892213,1.50201e-307,1.50201e-307,,,30.9509,1.50201e-307,1.50201e-307
29/06/2023 16:07:49:076,345.997,1.50201e-307,1.50201e-307,,,0.0873569,1.50201e-307,1.50201e-307,,,30.1837,1.50201e-307,1.50201e-307
29/06/2023 16:07:50:059,345.997,8.90104e-307,8.90104e-307,,,0.0857729,8.90104e-307,8.90104e-307,,,29.7066,8.90104e-307,8.90104e-307
29/06/2023 16:07:51:108,345.997,7.56593e-307,7.56593e-307,,,0.0888111,7.56593e-307,7.56593e-307,,,30.7195,7.56593e-307,7.56593e-307
29/06/2023 16:07:51:921,345.996,7.56593e-307,7.56593e-307,,,0.0887416,7.56593e-307,7.56593e-307,,,30.6975,7.56593e-307,7.56593e-307
29/06/2023 16:07:53:134,345.995,1.69119e-306,1.69119e-306,,,0.0895862,1.69119e-306,1.69119e-306,,,30.8979,1.69119e-306,1.69119e-306
29/06/2023 16:07:54:122,345.997,1.60221e-306,1.60221e-306,,,0.088591,1.60221e-306,1.60221e-306,,,30.5908,1.60221e-306,1.60221e-306
29/06/2023 16:07:55:348,345.996,1.11261e-306,1.11261e-306,,,0.0884357,1.11261e-306,1.11261e-306,,,30.6576,1.11261e-306,1.11261e-306
29/06/2023 16:07:56:165,345.995,1.86922e-306,1.86922e-306,,,0.0893551,1.86922e-306,1.86922e-306,,,30.9419,1.86922e-306,1.86922e-306
29/06/2023 16:07:57:398,345.997,3.22646e-307,3.22646e-307,,,0.0889711,3.22646e-307,3.22646e-307,,,30.8188,3.22646e-307,3.22646e-307
29/06/2023 16:07:58:196,345.997,2.44768e-307,2.44768e-307,,,0.089002,2.44768e-307,2.44768e-307,,,30.8637,2.44768e-307,2.44768e-307
29/06/2023 16:07:59:401,345.998,1.00133e-307,1.00133e-307,,,-5.87677,1.00133e-307,1.00133e-307,,,-2033.19,1.00133e-307,1.00133e-307
29/06/2023 16:08:00:236,345.997,1.22384e-307,1.22384e-307,,,-5.87921,1.22384e-307,1.22384e-307,,,-2034.05,1.22384e-307,1.22384e-307
29/06/2023 16:08:01:267,345.999,2.13621e-306,2.13621e-306,,,-5.88226,2.13621e-306,2.13621e-306,,,-2035.12,2.13621e-306,2.13621e-306
29/06/2023 16:08:02:246,346.001,8.01102e-307,8.01102e-307,,,-5.88258,8.01102e-307,8.01102e-307,,,-2035.17,8.01102e-307,8.01102e-307
29/06/2023 16:08:03:295,346.005,1.29061e-306,1.29061e-306,,,-6.14266,1.29061e-306,1.29061e-306,,,-2136.44,1.29061e-306,1.29061e-306
29/06/2023 16:08:04:105,346.005,1.24611e-306,1.24611e-306,,,-7.98831,1.24611e-306,1.24611e-306,,,-2764.35,1.24611e-306,1.24611e-306
29/06/2023 16:08:05:319,346.007,1.11261e-306,1.11261e-306,,,-8.00139,1.11261e-306,1.11261e-306,,,-2768.4,1.11261e-306,1.11261e-306
29/06/2023 16:08:06:306,346.008,8.01098e-307,8.01098e-307,,,-7.38903,8.01098e-307,8.01098e-307,,,-2103.77,8.01098e-307,8.01098e-307
29/06/2023 16:08:07:530,346.011,1.37962e-306,1.37962e-306,,,-5.8812,1.37962e-306,1.37962e-306,,,-2034.78,1.37962e-306,1.37962e-306
29/06/2023 16:08:08:164,346.011,1.11261e-306,1.11261e-306,,,-5.8812,1.11261e-306,1.11261e-306,,,-2034.93,1.11261e-306,1.11261e-306
29/06/2023 16:08:09:572,346.013,7.56599e-307,7.56599e-307,,,-5.88276,7.56599e-307,7.56599e-307,,,-2035.29,7.56599e-307,7.56599e-307
29/06/2023 16:08:10:201,346.014,8.01101e-307,8.01101e-307,,,-5.88206,8.01101e-307,8.01101e-307,,,-2035.07,8.01101e-307,8.01101e-307
29/06/2023 16:08:11:601,346.016,1.502e-307,1.502e-307,,,-5.88233,1.502e-307,1.502e-307,,,-2035.23,1.502e-307,1.502e-307
29/06/2023 16:08:12:226,346.018,1.50199e-307,1.50199e-307,,,-5.88331,1.50199e-307,1.50199e-307,,,-2035.52,1.50199e-307,1.50199e-307
29/06/2023 16:08:13:448,346.019,7.56577e-307,7.56577e-307,,,-5.88441,7.56577e-307,7.56577e-307,,,-2035.89,7.56577e-307,7.56577e-307
29/06/2023 16:08:14:437,346.022,1.3796e-306,1.3796e-306,,,-5.97414,1.3796e-306,1.3796e-306,,,-2066.99,1.3796e-306,1.3796e-306
29/06/2023 16:08:15:463,346.023,1.60217e-306,1.60217e-306,,,-5.97473,1.60217e-306,1.60217e-306,,,-2067.17,1.60217e-306,1.60217e-306
29/06/2023 16:08:16:471,346.024,1.3796e-306,1.3796e-306,,,-5.97514,1.3796e-306,1.3796e-306,,,-2067.32,1.3796e-306,1.3796e-306
29/06/2023 16:08:17:690,346.026,7.56591e-307,7.56591e-307,,,-5.88211,7.56591e-307,7.56591e-307,,,-2035.2,7.56591e-307,7.56591e-307
29/06/2023 16:08:18:323,346.028,1.33512e-306,1.33512e-306,,,-5.88203,1.33512e-306,1.33512e-306,,,-2035.08,1.33512e-306,1.33512e-306
29/06/2023 16:08:19:549,346.031,9.34606e-307,9.34606e-307,,,-6.1798,9.34606e-307,9.34606e-307,,,-2140.98,9.34606e-307,9.34606e-307
29/06/2023 16:08:20:359,346.032,1.37959e-306,1.37959e-306,,,-6.38847,1.37959e-306,1.37959e-306,,,-2210.43,1.37959e-306,1.37959e-306
29/06/2023 16:08:21:765,346.032,1.50201e-307,1.50201e-307,,,-6.3888,1.50201e-307,1.50201e-307,,,-2210.58,1.50201e-307,1.50201e-307
29/06/2023 16:08:22:578,346.035,4.22784e-307,4.22784e-307,,,-5.89875,4.22784e-307,4.22784e-307,,,-2039.15,4.22784e-307,4.22784e-307
29/06/2023 16:08:23:780,346.035,1.50201e-307,1.50201e-307,,,-5.8819,1.50201e-307,1.50201e-307,,,-2035.09,1.50201e-307,1.50201e-307
29/06/2023 16:08:24:598,346.037,1.502e-307,1.502e-307,,,-5.88299,1.502e-307,1.502e-307,,,-2035.5,1.502e-307,1.502e-307
29/06/2023 16:08:25:655,346.038,1.1126e-306,1.1126e-306,,,-5.88226,1.1126e-306,1.1126e-306,,,-2035.31,1.1126e-306,1.1126e-306
29/06/2023 16:08:26:464,346.041,7.56599e-307,7.56599e-307,,,-5.88254,7.56599e-307,7.56599e-307,,,-2035.39,7.56599e-307,7.56599e-307
29/06/2023 16:08:27:851,346.042,1.33511e-306,1.33511e-306,,,-5.88192,1.33511e-306,1.33511e-306,,,-2458.1,1.33511e-306,1.33511e-306
29/06/2023 16:08:28:500,346.044,1.06811e-306,1.06811e-306,,,-7.69714,1.06811e-306,1.06811e-306,,,-2663.41,1.06811e-306,1.06811e-306
29/06/2023 16:08:29:727,346.045,1.24611e-306,1.24611e-306,,,-7.69779,1.24611e-306,1.24611e-306,,,-2663.59,1.24611e-306,1.24611e-306
29/06/2023 16:08:30:733,346.047,1.50212e-307,1.50212e-307,,,-7.8078,1.50212e-307,1.50212e-307,,,-2704.94,1.50212e-307,1.50212e-307
29/06/2023 16:08:31:779,346.05,1.50212e-307,1.50212e-307,,,-8.30518,1.50212e-307,1.50212e-307,,,-2873.74,1.50212e-307,1.50212e-307
29/06/2023 16:08:32:585,346.052,1.60221e-306,1.60221e-306,,,-8.30514,1.60221e-306,1.60221e-306,,,-2873.78,1.60221e-306,1.60221e-306
29/06/2023 16:08:33:812,346.056,1.7802e-306,1.7802e-306,,,-7.60658,1.7802e-306,1.7802e-306,,,-2632.05,1.7802e-306,1.7802e-306
29/06/2023 16:08:34:627,346.056,1.29061e-306,1.29061e-306,,,-7.60551,1.29061e-306,1.29061e-306,,,-2631.67,1.29061e-306,1.29061e-306
29/06/2023 16:08:36:026,346.058,1.7802e-306,1.7802e-306,,,-7.7076,1.7802e-306,1.7802e-306,,,-2670.3,1.7802e-306,1.7802e-306
29/06/2023 16:08:36:677,346.059,1.50201e-307,1.50201e-307,,,-8.19872,1.50201e-307,1.50201e-307,,,-2837.05,1.50201e-307,1.50201e-307
29/06/2023 16:08:38:073,346.063,1.50202e-307,1.50202e-307,,,-8.20038,1.50202e-307,1.50202e-307,,,-2837.58,1.50202e-307,1.50202e-307
29/06/2023 16:08:38:700,346.064,2.67019e-307,2.67019e-307,,,-8.19891,2.67019e-307,2.67019e-307,,,-2837.09,2.67019e-307,2.67019e-307
29/06/2023 16:08:39:924,346.068,3.22646e-307,3.22646e-307,,,-12.4262,3.22646e-307,3.22646e-307,,,-4300.09,3.22646e-307,3.22646e-307
29/06/2023 16:08:40:920,346.068,3.56032e-307,3.56032e-307,,,-12.4298,3.56032e-307,3.56032e-307,,,-4301.25,3.56032e-307,3.56032e-307
29/06/2023 16:08:42:128,346.075,7.43654e-219,7.43654e-219,,,-12.6389,7.43654e-219,7.43654e-219,,,-4373.83,7.43654e-219,7.43654e-219
29/06/2023 16:08:42:940,346.077,1.02941e-218,1.02941e-218,,,-12.6405,1.02941e-218,1.02941e-218,,,-4374.19,1.02941e-218,1.02941e-218
29/06/2023 16:08:43:986,346.081,1.73391e-221,1.73391e-221,,,-12.6424,1.73391e-221,1.73391e-221,,,-4374.92,1.73391e-221,1.73391e-221
29/06/2023 16:08:44:793,346.084,2.16105e-217,2.16105e-217,,,-13.6465,2.16105e-217,2.16105e-217,,,-4722.48,2.16105e-217,2.16105e-217
29/06/2023 16:08:46:017,346.088,5.32417e-219,5.32417e-219,,,-13.6467,5.32417e-219,5.32417e-219,,,-4722.54,5.32417e-219,5.32417e-219
29/06/2023 16:08:46:826,346.092,3.77807e-220,3.77807e-220,,,-13.6475,3.77807e-220,3.77807e-220,,,-4722.81,3.77807e-220,3.77807e-220
29/06/2023 16:08:48:223,346.095,4.02153e-221,4.02153e-221,,,-14.3449,4.02153e-221,4.02153e-221,,,-4964.33,4.02153e-221,4.02153e-221
29/06/2023 16:08:49:032,346.098,1.50598e-307,1.50598e-307,,,-14.3454,1.50598e-307,1.50598e-307,,,-4964.5,1.50598e-307,1.50598e-307
29/06/2023 16:08:50:243,346.102,1.50585e-307,1.50585e-307,,,-13.5497,1.50585e-307,1.50585e-307,,,-4678.42,1.50585e-307,1.50585e-307
29/06/2023 16:08:51:065,346.106,6.39574e-279,6.39574e-279,,,-12.428,6.39574e-279,6.39574e-279,,,-4300.93,6.39574e-279,6.39574e-279
29/06/2023 16:08:52:107,346.11,2.29391e-278,2.29391e-278,,,-12.4264,2.29391e-278,2.29391e-278,,,-4300.46,2.29391e-278,2.29391e-278
29/06/2023 16:08:52:901,346.111,5.95503e-279,5.95503e-279,,,-13.8656,5.95503e-279,5.95503e-279,,,-4812.69,5.95503e-279,5.95503e-279
29/06/2023 16:08:54:115,346.114,5.29398e-279,5.29398e-279,,,-14.9551,5.29398e-279,5.29398e-279,,,-5175.63,5.29398e-279,5.29398e-279
29/06/2023 16:08:55:138,346.118,1.85316e-278,1.85316e-278,,,-14.9544,1.85316e-278,1.85316e-278,,,-5175.48,1.85316e-278,1.85316e-278
29/06/2023 16:08:56:355,346.121,1.10288e-278,1.10288e-278,,,-15.4119,1.10288e-278,1.10288e-278,,,-5337.22,1.10288e-278,1.10288e-278
29/06/2023 16:08:56:980,346.124,1.50326e-307,1.50326e-307,,,-15.5589,1.50326e-307,1.50326e-307,,,-5384.78,1.50326e-307,1.50326e-307
29/06/2023 16:08:58:377,346.128,1.50327e-307,1.50327e-307,,,-15.5587,1.50327e-307,1.50327e-307,,,-5384.78,1.50327e-307,1.50327e-307
29/06/2023 16:08:59:187,346.131,1.45371e-282,1.45371e-282,,,-15.759,1.45371e-282,1.45371e-282,,,-5454.21,1.45371e-282,1.45371e-282
29/06/2023 16:09:00:230,346.133,3.44767e-282,3.44767e-282,,,-15.7583,3.44767e-282,3.44767e-282,,,-5454.04,3.44767e-282,3.44767e-282
29/06/2023 16:09:01:223,346.136,2.36944e-282,2.36944e-282,,,-15.759,2.36944e-282,2.36944e-282,,,-5454.27,2.36944e-282,2.36944e-282
29/06/2023 16:09:02:266,346.141,9.6953e-283,9.6953e-283,,,-15.4539,9.6953e-283,9.6953e-283,,,-5348.75,9.6953e-283,9.6953e-283
29/06/2023 16:09:03:076,346.143,1.45371e-282,1.45371e-282,,,-15.4541,1.45371e-282,1.45371e-282,,,-5348.87,1.45371e-282,1.45371e-282
29/06/2023 16:09:04:470,346.146,9.15731e-283,9.15731e-283,,,-16.1662,9.15731e-283,9.15731e-283,,,-5595.69,9.15731e-283,9.15731e-283
29/06/2023 16:09:05:276,346.148,4.30845e-282,4.30845e-282,,,-16.1703,4.30845e-282,4.30845e-282,,,-5596.82,4.30845e-282,4.30845e-282
29/06/2023 16:09:06:325,346.151,2.58465e-282,2.58465e-282,,,-16.1697,2.58465e-282,2.58465e-282,,,-5596.65,2.58465e-282,2.58465e-282
29/06/2023 16:09:07:312,346.154,1.45371e-282,1.45371e-282,,,-16.0241,1.45371e-282,1.45371e-282,,,-5544.61,1.45371e-282,1.45371e-282
29/06/2023 16:09:08:346,346.158,9.69512e-283,9.69512e-283,,,-15.8499,9.69512e-283,9.69512e-283,,,-5486.17,9.69512e-283,9.69512e-283
29/06/2023 16:09:09:170,346.16,9.15714e-283,9.15714e-283,,,-15.8515,9.15714e-283,9.15714e-283,,,-5486.68,9.15714e-283,9.15714e-283
29/06/2023 16:09:10:558,346.166,1.5031e-307,1.5031e-307,,,-13.1281,1.5031e-307,1.5031e-307,,,-4543.94,1.5031e-307,1.5031e-307
29/06/2023 16:09:11:368,346.168,1.50307e-307,1.50307e-307,,,-13.1277,1.50307e-307,1.50307e-307,,,-4543.97,1.50307e-307,1.50307e-307
29/06/2023 16:09:12:611,346.169,1.46323e-261,1.46323e-261,,,-14.1648,1.46323e-261,1.46323e-261,,,-4940.41,1.46323e-261,1.46323e-261
29/06/2023 16:09:13:407,346.168,1.98783e-262,1.98783e-262,,,-19.9745,1.98783e-262,1.98783e-262,,,-6914.97,1.98783e-262,1.98783e-262
29/06/2023 16:09:14:447,346.171,1.50402e-307,1.50402e-307,,,-19.9894,1.50402e-307,1.50402e-307,,,-6919.37,1.50402e-307,1.50402e-307
29/06/2023 16:09:15:443,346.174,1.8443e-261,1.8443e-261,,,-19.9901,1.8443e-261,1.8443e-261,,,-6919.62,1.8443e-261,1.8443e-261
29/06/2023 16:09:16:480,346.179,1.46323e-261,1.46323e-261,,,-19.9934,1.46323e-261,1.46323e-261,,,-6920.88,1.46323e-261,1.46323e-261
29/06/2023 16:09:17:480,346.181,4.76967e-262,4.76967e-262,,,-19.9921,4.76967e-262,4.76967e-262,,,-6920.62,4.76967e-262,4.76967e-262
29/06/2023 16:09:18:499,346.185,1.82909e-262,1.82909e-262,,,-19.9919,1.82909e-262,1.82909e-262,,,-6920.53,1.82909e-262,1.82909e-262
29/06/2023 16:09:19:497,346.186,3.65814e-262,3.65814e-262,,,-19.9907,3.65814e-262,3.65814e-262,,,-6920.13,3.65814e-262,3.65814e-262
29/06/2023 16:09:20:720,346.192,7.63382e-262,7.63382e-262,,,-19.99,7.63382e-262,7.63382e-262,,,-6920.09,7.63382e-262,7.63382e-262
29/06/2023 16:09:21:352,346.194,1.50408e-307,1.50408e-307,,,-19.9924,1.50408e-307,1.50408e-307,,,-6920.97,1.50408e-307,1.50408e-307
29/06/2023 16:09:22:556,346.199,8.14921e-261,8.14921e-261,,,-19.9922,8.14921e-261,8.14921e-261,,,-6920.92,8.14921e-261,8.14921e-261
29/06/2023 16:09:23:384,346.203,1.50408e-307,1.50408e-307,,,-19.9922,1.50408e-307,1.50408e-307,,,-6921.02,1.50408e-307,1.50408e-307
29/06/2023 16:09:24:786,346.205,1.50403e-307,1.50403e-307,,,-19.992,1.50403e-307,1.50403e-307,,,-6921.07,1.50403e-307,1.50403e-307
29/06/2023 16:09:25:585,346.21,8.34431e-308,8.34431e-308,,,-19.9913,8.34431e-308,8.34431e-308,,,-6920.88,8.34431e-308,8.34431e-308
29/06/2023 16:09:26:812,346.214,8.34487e-308,8.34487e-308,,,-19.9922,8.34487e-308,8.34487e-308,,,-6921.27,8.34487e-308,8.34487e-308
29/06/2023 16:09:27:447,346.216,8.34431e-308,8.34431e-308,,,-19.9914,8.34431e-308,8.34431e-308,,,-6921.09,8.34431e-308,8.34431e-308
29/06/2023 16:09:28:673,346.222,8.34551e-308,8.34551e-308,,,-19.9932,8.34551e-308,8.34551e-308,,,-6921.77,8.34551e-308,8.34551e-308
29/06/2023 16:09:29:480,346.225,8.01067e-307,8.01067e-307,,,-19.9917,8.01067e-307,8.01067e-307,,,-6921.39,8.01067e-307,8.01067e-307
29/06/2023 16:09:30:891,346.228,1.78021e-306,1.78021e-306,,,-19.9941,1.78021e-306,1.78021e-306,,,-6922.38,1.78021e-306,1.78021e-306
29/06/2023 16:09:31:515,346.232,4.52075e-302,4.52075e-302,,,-19.9919,4.52075e-302,4.52075e-302,,,-6921.57,4.52075e-302,4.52075e-302
29/06/2023 16:09:32:914,346.236,4.52076e-302,4.52076e-302,,,-19.9903,4.52076e-302,4.52076e-302,,,-6921.2,4.52076e-302,4.52076e-302
29/06/2023 16:09:33:726,346.24,4.52075e-302,4.52075e-302,,,-19.9933,4.52075e-302,4.52075e-302,,,-6922.26,4.52075e-302,4.52075e-302
29/06/2023 16:09:34:776,346.244,1.29071e-306,1.29071e-306,,,-19.9915,1.29071e-306,1.29071e-306,,,-6921.69,1.29071e-306,1.29071e-306
29/06/2023 16:09:35:572,346.247,6.19806e-303,6.19806e-303,,,-19.9918,6.19806e-303,6.19806e-303,,,-6921.85,6.19806e-303,6.19806e-303
29/06/2023 16:09:36:796,346.251,2.38967e-297,2.38967e-297,,,-19.9932,2.38967e-297,2.38967e-297,,,-6922.42,2.38967e-297,2.38967e-297
29/06/2023 16:09:37:605,346.254,4.3613e-289,4.3613e-289,,,-19.9911,4.3613e-289,4.3613e-289,,,-6921.7,4.3613e-289,4.3613e-289
29/06/2023 16:09:38:803,346.258,8.34844e-308,8.34844e-308,,,-19.9904,8.34844e-308,8.34844e-308,,,-6921.56,8.34844e-308,8.34844e-308
29/06/2023 16:09:39:818,346.262,8.34844e-308,8.34844e-308,,,-19.9919,8.34844e-308,8.34844e-308,,,-6922.19,8.34844e-308,8.34844e-308
29/06/2023 16:09:41:036,346.267,1.74452e-288,1.74452e-288,,,-19.9948,1.74452e-288,1.74452e-288,,,-6923.13,1.74452e-288,1.74452e-288
29/06/2023 16:09:41:842,346.27,2.36179e-288,2.36179e-288,,,-19.9919,2.36179e-288,2.36179e-288,,,-6922.32,2.36179e-288,2.36179e-288
29/06/2023 16:09:42:871,346.273,3.49274e-288,3.49274e-288,,,-19.9918,3.49274e-288,3.49274e-288,,,-6922.6,3.49274e-288,3.49274e-288
29/06/2023 16:09:43:878,346.277,2.97773e-288,2.97773e-288,,,-19.9913,2.97773e-288,2.97773e-288,,,-6922.31,2.97773e-288,2.97773e-288
29/06/2023 16:09:44:908,346.282,2.87485e-288,2.87485e-288,,,-19.9924,2.87485e-288,2.87485e-288,,,-6922.79,2.87485e-288,2.87485e-288
29/06/2023 16:09:45:901,346.284,2.97773e-288,2.97773e-288,,,-19.9914,2.97773e-288,2.97773e-288,,,-6922.44,2.97773e-288,2.97773e-288
29/06/2023 16:09:46:947,346.289,4.45541e-308,4.45541e-308,,,-19.9952,4.45541e-308,4.45541e-308,,,-6924,4.45541e-308,4.45541e-308
29/06/2023 16:09:47:938,346.291,6.5675e-286,6.5675e-286,,,-19.9935,6.5675e-286,6.5675e-286,,,-6923.36,6.5675e-286,6.5675e-286
29/06/2023 16:09:49:160,346.296,1.74613e-288,1.74613e-288,,,-19.992,1.74613e-288,1.74613e-288,,,-6923.02,1.74613e-288,1.74613e-288
29/06/2023 16:09:49:963,346.299,1.24611e-306,1.24611e-306,,,-19.9916,1.24611e-306,1.24611e-306,,,-6922.92,1.24611e-306,1.24611e-306
29/06/2023 16:09:51:190,346.303,2.31421e-306,2.31421e-306,,,-19.9917,2.31421e-306,2.31421e-306,,,-6923.07,2.31421e-306,2.31421e-306
29/06/2023 16:09:51:808,346.305,1.6022e-306,1.6022e-306,,,-19.992,1.6022e-306,1.6022e-306,,,-6923.21,1.6022e-306,1.6022e-306
29/06/2023 16:09:53:221,346.31,1.02361e-306,1.02361e-306,,,-19.9918,1.02361e-306,1.02361e-306,,,-6923.28,1.02361e-306,1.02361e-306
29/06/2023 16:09:54:030,346.311,1.69119e-306,1.69119e-306,,,-19.9908,1.69119e-306,1.69119e-306,,,-6923.11,1.69119e-306,1.69119e-306
29/06/2023 16:09:55:040,346.317,7.566e-307,7.566e-307,,,-19.9921,7.566e-307,7.566e-307,,,-6923.5,7.566e-307,7.566e-307
29/06/2023 16:09:56:063,346.317,1.78021e-306,1.78021e-306,,,-19.9916,1.78021e-306,1.78021e-306,,,-6923.42,1.78021e-306,1.78021e-306
29/06/2023 16:09:57:091,346.323,7.56594e-307,7.56594e-307,,,-19.9927,7.56594e-307,7.56594e-307,,,-6923.82,7.56594e-307,7.56594e-307
29/06/2023 16:09:57:911,346.325,1.69121e-306,1.69121e-306,,,-19.9929,1.69121e-306,1.69121e-306,,,-6923.98,1.69121e-306,1.69121e-306
29/06/2023 16:09:59:135,346.329,1.37959e-306,1.37959e-306,,,-19.993,1.37959e-306,1.37959e-306,,,-6924.08,1.37959e-306,1.37959e-306
29/06/2023 16:09:59:948,346.332,1.50201e-307,1.50201e-307,,,-19.9922,1.50201e-307,1.50201e-307,,,-6923.9,1.50201e-307,1.50201e-307
29/06/2023 16:10:01:173,346.334,1.78019e-306,1.78019e-306,,,-19.9941,1.78019e-306,1.78019e-306,,,-6924.56,1.78019e-306,1.78019e-306
29/06/2023 16:10:01:976,346.338,1.50198e-307,1.50198e-307,,,-19.9925,1.50198e-307,1.50198e-307,,,-6924.18,1.50198e-307,1.50198e-307
29/06/2023 16:10:03:394,346.341,1.50199e-307,1.50199e-307,,,-19.9923,1.50199e-307,1.50199e-307,,,-6924.13,1.50199e-307,1.50199e-307
29/06/2023 16:10:04:013,346.344,1.50403e-307,1.50403e-307,,,-19.9923,1.50403e-307,1.50403e-307,,,-6924.19,1.50403e-307,1.50403e-307
29/06/2023 16:10:05:233,346.347,1.08215e-261,1.08215e-261,,,-19.9921,1.08215e-261,1.08215e-261,,,-6924.28,1.08215e-261,1.08215e-261
29/06/2023 16:10:06:043,346.35,4.13453e-262,4.13453e-262,,,-19.9927,4.13453e-262,4.13453e-262,,,-6924.49,4.13453e-262,4.13453e-262
29/06/2023 16:10:07:441,346.353,5.09333e-262,5.09333e-262,,,-19.9914,5.09333e-262,5.09333e-262,,,-6924.18,5.09333e-262,5.09333e-262
29/06/2023 16:10:08:072,346.357,9.85677e-262,9.85677e-262,,,-19.9923,9.85677e-262,9.85677e-262,,,-6924.59,9.85677e-262,9.85677e-262
29/06/2023 16:10:09:486,346.36,4.45203e-262,4.45203e-262,,,-19.9934,4.45203e-262,4.45203e-262,,,-6924.93,4.45203e-262,4.45203e-262
29/06/2023 16:10:10:292,346.363,5.72821e-262,5.72821e-262,,,-19.9967,5.72821e-262,5.72821e-262,,,-6926.17,5.72821e-262,5.72821e-262
29/06/2023 16:10:11:311,346.368,4.45201e-262,4.45201e-262,,,-19.9924,4.45201e-262,4.45201e-262,,,-6924.76,4.45201e-262,4.45201e-262
29/06/2023 16:10:12:138,346.37,1.84434e-261,1.84434e-261,,,-19.992,1.84434e-261,1.84434e-261,,,-6924.69,1.84434e-261,1.84434e-261
29/06/2023 16:10:13:357,346.374,6.9869e-262,6.9869e-262,,,-19.9922,6.9869e-262,6.9869e-262,,,-6924.82,6.9869e-262,6.9869e-262
29/06/2023 16:10:14:170,346.378,1.50403e-307,1.50403e-307,,,-19.9909,1.50403e-307,1.50403e-307,,,-6924.48,1.50403e-307,1.50403e-307
29/06/2023 16:10:15:394,346.382,5.08146e-262,5.08146e-262,,,-19.9915,5.08146e-262,5.08146e-262,,,-6924.9,5.08146e-262,5.08146e-262
29/06/2023 16:10:16:380,346.384,1.08215e-261,1.08215e-261,,,-19.9926,1.08215e-261,1.08215e-261,,,-6925.21,1.08215e-261,1.08215e-261
29/06/2023 16:10:17:586,346.39,6.9869e-262,6.9869e-262,,,-19.9921,6.9869e-262,6.9869e-262,,,-6925.53,6.9869e-262,6.9869e-262
29/06/2023 16:10:18:411,346.392,1.42004e-234,1.42004e-234,,,-19.9915,1.42004e-234,1.42004e-234,,,-6924.97,1.42004e-234,1.42004e-234
29/06/2023 16:10:19:450,346.397,8.25622e-235,8.25622e-235,,,-19.9926,8.25622e-235,8.25622e-235,,,-6925.44,8.25622e-235,8.25622e-235
29/06/2023 16:10:20:259,346.401,3.32448e-236,3.32448e-236,,,-19.9929,3.32448e-236,3.32448e-236,,,-6925.56,3.32448e-236,3.32448e-236
29/06/2023 16:10:21:678,346.405,4.91438e-235,4.91438e-235,,,-19.991,4.91438e-235,4.91438e-235,,,-6925.08,4.91438e-235,4.91438e-235
29/06/2023 16:10:22:298,346.408,1.22103e-234,1.22103e-234,,,-19.9935,1.22103e-234,1.22103e-234,,,-6926,1.22103e-234,1.22103e-234
29/06/2023 16:10:23:684,346.413,1.26276e-234,1.26276e-234,,,-19.992,1.26276e-234,1.26276e-234,,,-6925.49,1.26276e-234,1.26276e-234
29/06/2023 16:10:24:509,346.417,1.42e-234,1.42e-234,,,-19.9917,1.42e-234,1.42e-234,,,-6925.59,1.42e-234,1.42e-234
29/06/2023 16:10:25:723,346.423,5.80209e-233,5.80209e-233,,,-19.9918,5.80209e-233,5.80209e-233,,,-6925.66,5.80209e-233,5.80209e-233
29/06/2023 16:10:26:339,346.424,1.26276e-234,1.26276e-234,,,-19.9924,1.26276e-234,1.26276e-234,,,-6925.85,1.26276e-234,1.26276e-234
29/06/2023 16:10:27:753,346.431,3.32451e-236,3.32451e-236,,,-19.9926,3.32451e-236,3.32451e-236,,,-6926.06,3.32451e-236,3.32451e-236
29/06/2023 16:10:28:388,346.433,1.73442e-234,1.73442e-234,,,-19.992,1.73442e-234,1.73442e-234,,,-6925.84,1.73442e-234,1.73442e-234
29/06/2023 16:10:29:611,346.44,3.32447e-236,3.32447e-236,,,-19.9919,3.32447e-236,3.32447e-236,,,-6925.97,3.32447e-236,3.32447e-236
29/06/2023 16:10:30:602,346.442,1.50519e-307,1.50519e-307,,,-19.9929,1.50519e-307,1.50519e-307,,,-6926.26,1.50519e-307,1.50519e-307
29/06/2023 16:10:31:808,346.448,9.45838e-235,9.45838e-235,,,-19.9929,9.45838e-235,9.45838e-235,,,-6926.42,9.45838e-235,9.45838e-235
29/06/2023 16:10:32:450,346.45,1.42004e-234,1.42004e-234,,,-19.9916,1.42004e-234,1.42004e-234,,,-6926.33,1.42004e-234,1.42004e-234
29/06/2023 16:10:33:848,346.457,1.42004e-234,1.42004e-234,,,-19.9916,1.42004e-234,1.42004e-234,,,-6926.12,1.42004e-234,1.42004e-234
29/06/2023 16:10:34:665,346.461,4.09823e-234,4.09823e-234,,,-19.9914,4.09823e-234,4.09823e-234,,,-6926.11,4.09823e-234,4.09823e-234
29/06/2023 16:10:35:707,346.465,1.24612e-306,1.24612e-306,,,-19.9923,1.24612e-306,1.24612e-306,,,-6926.53,1.24612e-306,1.24612e-306
29/06/2023 16:10:36:694,346.469,1.8692e-306,1.8692e-306,,,-19.9914,1.8692e-306,1.8692e-306,,,-6926.26,1.8692e-306,1.8692e-306
29/06/2023 16:10:37:744,346.473,5.56288e-307,5.56288e-307,,,-19.9917,5.56288e-307,5.56288e-307,,,-6926.46,5.56288e-307,5.56288e-307
29/06/2023 16:10:38:716,346.476,8.34446e-308,8.34446e-308,,,-19.9916,8.34446e-308,8.34446e-308,,,-6926.44,8.34446e-308,8.34446e-308
29/06/2023 16:10:39:765,346.48,1.86917e-306,1.86917e-306,,,-19.9921,1.86917e-306,1.86917e-306,,,-6926.68,1.86917e-306,1.86917e-306
29/06/2023 16:10:40:562,346.486,9.34583e-307,9.34583e-307,,,-19.9916,9.34583e-307,9.34583e-307,,,-6926.56,9.34583e-307,9.34583e-307
29/06/2023 16:10:41:961,346.488,1.60219e-306,1.60219e-306,,,-19.9922,1.60219e-306,1.60219e-306,,,-6926.85,1.60219e-306,1.60219e-306
29/06/2023 16:10:42:608,346.493,7.56586e-307,7.56586e-307,,,-19.9931,7.56586e-307,7.56586e-307,,,-6927.2,7.56586e-307,7.56586e-307
29/06/2023 16:10:44:000,346.497,9.34606e-307,9.34606e-307,,,-19.9938,9.34606e-307,9.34606e-307,,,-6927.56,9.34606e-307,9.34606e-307
29/06/2023 16:10:44:809,346.501,1.33512e-306,1.33512e-306,,,-19.9927,1.33512e-306,1.33512e-306,,,-6927.22,1.33512e-306,1.33512e-306
29/06/2023 16:10:46:042,346.505,2.31418e-306,2.31418e-306,,,-19.9922,2.31418e-306,2.31418e-306,,,-6927.17,2.31418e-306,2.31418e-306
29/06/2023 16:10:46:663,346.509,1.50199e-307,1.50199e-307,,,-19.9925,1.50199e-307,1.50199e-307,,,-6927.39,1.50199e-307,1.50199e-307
29/06/2023 16:10:47:895,346.513,2.97749e-288,2.97749e-288,,,-19.9912,2.97749e-288,2.97749e-288,,,-6926.89,2.97749e-288,2.97749e-288
29/06/2023 16:10:48:696,346.516,4.7204e-288,4.7204e-288,,,-19.9907,4.7204e-288,4.7204e-288,,,-6926.84,4.7204e-288,4.7204e-288
29/06/2023 16:10:49:921,346.52,1.50284e-307,1.50284e-307,,,-19.993,1.50284e-307,1.50284e-307,,,-6927.72,1.50284e-307,1.50284e-307
29/06/2023 16:10:50:907,346.525,3.18111e-288,3.18111e-288,,,-19.9926,3.18111e-288,3.18111e-288,,,-6927.63,3.18111e-288,3.18111e-288
29/06/2023 16:10:51:948,346.528,2.46442e-288,2.46442e-288,,,-19.9921,2.46442e-288,2.46442e-288,,,-6927.49,2.46442e-288,2.46442e-288
29/06/2023 16:10:52:760,346.532,2.46442e-288,2.46442e-288,,,-19.9947,2.46442e-288,2.46442e-288,,,-6928.42,2.46442e-288,2.46442e-288
29/06/2023 16:10:53:986,346.537,1.50283e-307,1.50283e-307,,,-19.9927,1.50283e-307,1.50283e-307,,,-6928.19,1.50283e-307,1.50283e-307
29/06/2023 16:10:54:964,346.54,5.33931e-288,5.33931e-288,,,-19.9929,5.33931e-288,5.33931e-288,,,-6928.05,5.33931e-288,5.33931e-288
29/06/2023 16:10:56:013,346.544,1.50284e-307,1.50284e-307,,,-19.9933,1.50284e-307,1.50284e-307,,,-6928.49,1.50284e-307,1.50284e-307
29/06/2023 16:10:56:822,346.548,2.97588e-288,2.97588e-288,,,-19.9937,2.97588e-288,2.97588e-288,,,-6928.38,2.97588e-288,2.97588e-288
29/06/2023 16:10:58:043,346.555,4.7204e-288,4.7204e-288,,,-19.9931,4.7204e-288,4.7204e-288,,,-6928.17,4.7204e-288,4.7204e-288
29/06/2023 16:10:58:855,346.558,1.61534e-231,1.61534e-231,,,-19.992,1.61534e-231,1.61534e-231,,,-6927.92,1.61534e-231,1.61534e-231
29/06/2023 16:11:00:260,346.563,2.5766e-231,2.5766e-231,,,-19.9928,2.5766e-231,2.5766e-231,,,-6928.34,2.5766e-231,2.5766e-231
29/06/2023 16:11:00:904,346.564,5.47527e-231,5.47527e-231,,,-19.9936,5.47527e-231,5.47527e-231,,,-6928.61,5.47527e-231,5.47527e-231
29/06/2023 16:11:02:302,346.571,1.0004e-230,1.0004e-230,,,-19.9922,1.0004e-230,1.0004e-230,,,-6928.27,1.0004e-230,1.0004e-230
29/06/2023 16:11:03:118,346.572,1.2883e-231,1.2883e-231,,,-19.9919,1.2883e-231,1.2883e-231,,,-6928.19,1.2883e-231,1.2883e-231
29/06/2023 16:11:04:132,346.579,1.50545e-307,1.50545e-307,,,-19.995,1.50545e-307,1.50545e-307,,,-6929.34,1.50545e-307,1.50545e-307
29/06/2023 16:11:05:140,346.58,1.69087e-231,1.69087e-231,,,-19.9933,1.69087e-231,1.69087e-231,,,-6928.8,1.69087e-231,1.69087e-231
29/06/2023 16:11:06:201,346.586,5.47527e-231,5.47527e-231,,,-19.9935,5.47527e-231,5.47527e-231,,,-6928.96,5.47527e-231,5.47527e-231
29/06/2023 16:11:07:191,346.588,1.69087e-231,1.69087e-231,,,-19.9931,1.69087e-231,1.69087e-231,,,-6928.69,1.69087e-231,1.69087e-231
29/06/2023 16:11:08:230,346.593,1.64191e-288,1.64191e-288,,,-19.9924,1.64191e-288,1.64191e-288,,,-6928.75,1.64191e-288,1.64191e-288
29/06/2023 16:11:09:217,346.596,1.50285e-307,1.50285e-307,,,-19.9919,1.50285e-307,1.50285e-307,,,-6928.6,1.50285e-307,1.50285e-307
29/06/2023 16:11:10:260,346.601,6.36543e-288,6.36543e-288,,,-19.9919,6.36543e-288,6.36543e-288,,,-6928.69,6.36543e-288,6.36543e-288
29/06/2023 16:11:11:072,346.603,1.64352e-288,1.64352e-288,,,-19.9934,1.64352e-288,1.64352e-288,,,-6929.36,1.64352e-288,1.64352e-288
29/06/2023 16:11:12:473,346.608,2.66963e-288,2.66963e-288,,,-19.995,2.66963e-288,2.66963e-288,,,-6929.96,2.66963e-288,2.66963e-288
29/06/2023 16:11:13:105,346.612,2.66963e-288,2.66963e-288,,,-19.992,2.66963e-288,2.66963e-288,,,-6928.89,2.66963e-288,2.66963e-288
29/06/2023 16:11:14:503,346.615,1.50283e-307,1.50283e-307,,,-19.9939,1.50283e-307,1.50283e-307,,,-6929.61,1.50283e-307,1.50283e-307
29/06/2023 16:11:15:128,346.619,3.18111e-288,3.18111e-288,,,-19.9924,3.18111e-288,3.18111e-288,,,-6929.21,3.18111e-288,3.18111e-288
29/06/2023 16:11:16:336,346.622,3.48904e-288,3.48904e-288,,,-19.9939,3.48904e-288,3.48904e-288,,,-6929.75,3.48904e-288,3.48904e-288
29/06/2023 16:11:17:164,346.624,1.50285e-307,1.50285e-307,,,-19.9931,1.50285e-307,1.50285e-307,,,-6929.52,1.50285e-307,1.50285e-307
29/06/2023 16:11:18:592,346.628,1.50285e-307,1.50285e-307,,,-19.9933,1.50285e-307,1.50285e-307,,,-6929.66,1.50285e-307,1.50285e-307
29/06/2023 16:11:19:216,346.631,1.97709e-194,1.97709e-194,,,-19.9924,1.97709e-194,1.97709e-194,,,-6929.44,1.97709e-194,1.97709e-194
29/06/2023 16:11:20:605,346.634,3.65866e-195,3.65866e-195,,,-19.992,3.65866e-195,3.65866e-195,,,-6929.45,3.65866e-195,3.65866e-195
29/06/2023 16:11:21:420,346.637,1.50705e-307,1.50705e-307,,,-19.9919,1.50705e-307,1.50705e-307,,,-6929.41,1.50705e-307,1.50705e-307
29/06/2023 16:11:22:460,346.638,6.88887e-195,6.88887e-195,,,-19.994,6.88887e-195,6.88887e-195,,,-6930.24,6.88887e-195,6.88887e-195
29/06/2023 16:11:23:289,346.643,6.63555e-195,6.63555e-195,,,-19.9931,6.63555e-195,6.63555e-195,,,-6929.98,6.63555e-195,6.63555e-195
29/06/2023 16:11:24:513,346.645,1.97709e-194,1.97709e-194,,,-19.9941,1.97709e-194,1.97709e-194,,,-6930.32,1.97709e-194,1.97709e-194
29/06/2023 16:11:25:322,346.648,3.65866e-195,3.65866e-195,,,-19.9922,3.65866e-195,3.65866e-195,,,-6929.73,3.65866e-195,3.65866e-195
29/06/2023 16:11:26:546,346.65,1.50705e-307,1.50705e-307,,,-19.9924,1.50705e-307,1.50705e-307,,,-6930.03,1.50705e-307,1.50705e-307
29/06/2023 16:11:27:355,346.655,6.88887e-195,6.88887e-195,,,-19.9929,6.88887e-195,6.88887e-195,,,-6930.18,6.88887e-195,6.88887e-195
29/06/2023 16:11:28:746,346.656,6.63555e-195,6.63555e-195,,,-19.9937,6.63555e-195,6.63555e-195,,,-6930.58,6.63555e-195,6.63555e-195
29/06/2023 16:11:29:382,346.66,5.58502e-195,5.58502e-195,,,-19.9933,5.58502e-195,5.58502e-195,,,-6930.48,5.58502e-195,5.58502e-195
29/06/2023 16:11:30:607,346.663,1.50706e-307,1.50706e-307,,,-19.992,1.50706e-307,1.50706e-307,,,-6930.08,1.50706e-307,1.50706e-307
29/06/2023 16:11:31:417,346.664,1.50706e-307,1.50706e-307,,,-19.9918,1.50706e-307,1.50706e-307,,,-6930.05,1.50706e-307,1.50706e-307
29/06/2023 16:11:32:630,346.667,1.50705e-307,1.50705e-307,,,-19.9937,1.50705e-307,1.50705e-307,,,-6930.81,1.50705e-307,1.50705e-307
29/06/2023 16:11:33:453,346.668,2.15032e-195,2.15032e-195,,,-19.9938,2.15032e-195,2.15032e-195,,,-6930.87,2.15032e-195,2.15032e-195
29/06/2023 16:11:34:845,346.672,3.87263e-195,3.87263e-195,,,-19.9925,3.87263e-195,3.87263e-195,,,-6930.44,3.87263e-195,3.87263e-195
29/06/2023 16:11:35:674,346.673,4.30079e-195,4.30079e-195,,,-19.9932,4.30079e-195,4.30079e-195,,,-6930.72,4.30079e-195,4.30079e-195
29/06/2023 16:11:36:884,346.678,6.1959e-194,6.1959e-194,,,-19.9935,6.1959e-194,6.1959e-194,,,-6930.89,6.1959e-194,6.1959e-194
29/06/2023 16:11:37:690,346.678,8.9007e-307,8.9007e-307,,,-19.9928,8.9007e-307,8.9007e-307,,,-6930.72,8.9007e-307,8.9007e-307
29/06/2023 16:11:38:733,346.683,8.9007e-307,8.9007e-307,,,-19.9942,8.9007e-307,8.9007e-307,,,-6931.32,8.9007e-307,8.9007e-307
29/06/2023 16:11:39:724,346.683,8.9007e-307,8.9007e-307,,,-19.9928,8.9007e-307,8.9007e-307,,,-6930.91,8.9007e-307,8.9007e-307
29/06/2023 16:11:40:933,346.689,8.9007e-307,8.9007e-307,,,-19.9931,8.9007e-307,8.9007e-307,,,-6931.11,8.9007e-307,8.9007e-307
29/06/2023 16:11:41:753,346.689,9.34605e-307,9.34605e-307,,,-19.9942,9.34605e-307,9.34605e-307,,,-6931.21,9.34605e-307,9.34605e-307
29/06/2023 16:11:42:799,346.693,1.24611e-306,1.24611e-306,,,-19.9926,1.24611e-306,1.24611e-306,,,-6931.05,1.24611e-306,1.24611e-306
29/06/2023 16:11:43:589,346.695,7.56599e-307,7.56599e-307,,,-19.9929,7.56599e-307,7.56599e-307,,,-6930.99,7.56599e-307,7.56599e-307
29/06/2023 16:11:44:831,346.699,9.34605e-307,9.34605e-307,,,-19.9924,9.34605e-307,9.34605e-307,,,-6931.09,9.34605e-307,9.34605e-307
29/06/2023 16:11:45:805,346.701,1.15711e-306,1.15711e-306,,,-19.9924,1.15711e-306,1.15711e-306,,,-6931.18,1.15711e-306,1.15711e-306
29/06/2023 16:11:47:042,346.705,9.34611e-307,9.34611e-307,,,-19.9942,9.34611e-307,9.34611e-307,,,-6931.92,9.34611e-307,9.34611e-307
29/06/2023 16:11:47:664,346.707,1.1126e-306,1.1126e-306,,,-19.9937,1.1126e-306,1.1126e-306,,,-6931.79,1.1126e-306,1.1126e-306
29/06/2023 16:11:48:898,346.709,8.9007e-307,8.9007e-307,,,-19.9925,8.9007e-307,8.9007e-307,,,-6931.4,8.9007e-307,8.9007e-307
29/06/2023 16:11:49:700,346.711,1.50202e-307,1.50202e-307,,,-19.9932,1.50202e-307,1.50202e-307,,,-6931.8,1.50202e-307,1.50202e-307
29/06/2023 16:11:50:940,346.715,1.9582e-306,1.9582e-306,,,-19.9956,1.9582e-306,1.9582e-306,,,-6932.67,1.9582e-306,1.9582e-306
29/06/2023 16:11:51:750,346.718,4.10125e+98,4.10125e+98,,,-19.9931,4.10125e+98,4.10125e+98,,,-6931.84,4.10125e+98,4.10125e+98
29/06/2023 16:11:53:174,346.722,1.51888e-307,1.51888e-307,,,-19.9937,1.51888e-307,1.51888e-307,,,-6932.11,1.51888e-307,1.51888e-307
29/06/2023 16:11:54:375,346.725,1.78056e+84,1.78056e+84,,,-19.9923,1.78056e+84,1.78056e+84,,,-6931.63,1.78056e+84,1.78056e+84
29/06/2023 16:11:55:188,346.727,5.52774e+67,5.52774e+67,,,-19.9922,5.52774e+67,5.52774e+67,,,-6931.72,5.52774e+67,5.52774e+67
29/06/2023 16:11:56:229,346.731,8.56073e+67,8.56073e+67,,,-19.993,8.56073e+67,8.56073e+67,,,-6932.08,8.56073e+67,8.56073e+67
29/06/2023 16:11:57:226,346.733,3.52038e+70,3.52038e+70,,,-19.9932,3.52038e+70,3.52038e+70,,,-6932.15,3.52038e+70,3.52038e+70
29/06/2023 16:11:58:266,346.736,5.39229e+67,5.39229e+67,,,-19.9929,5.39229e+67,5.39229e+67,,,-6932.12,5.39229e+67,5.39229e+67
29/06/2023 16:11:59:076,346.739,3.45103e+70,3.45103e+70,,,-19.9922,3.45103e+70,3.45103e+70,,,-6931.92,3.45103e+70,3.45103e+70
29/06/2023 16:12:00:473,346.743,5.5818e+67,5.5818e+67,,,-19.9931,5.5818e+67,5.5818e+67,,,-6932.32,5.5818e+67,5.5818e+67
29/06/2023 16:12:01:289,346.744,-1.09505e-230,-1.09505e-230,,,-19.9942,-1.09505e-230,-1.09505e-230,,,-6932.76,-1.09505e-230,-1.09505e-230
29/06/2023 16:12:02:517,346.749,1.51962e-307,1.51962e-307,,,-19.9928,1.51962e-307,1.51962e-307,,,-6932.38,1.51962e-307,1.51962e-307
29/06/2023 16:12:03:132,346.743,1.50202e-307,1.50202e-307,,,0.0894754,1.50202e-307,1.50202e-307,,,30.9984,1.50202e-307,1.50202e-307
29/06/2023 16:12:04:543,346.75,1.50201e-307,1.50201e-307,,,0.088802,1.50201e-307,1.50201e-307,,,30.7993,1.50201e-307,1.50201e-307
29/06/2023 16:12:05:348,346.75,1.50202e-307,1.50202e-307,,,0.0890769,1.50202e-307,1.50202e-307,,,30.9219,1.50202e-307,1.50202e-307
29/06/2023 16:12:06:368,346.752,1.15711e-306,1.15711e-306,,,0.0889131,1.15711e-306,1.15711e-306,,,30.8457,1.15711e-306,1.15711e-306
29/06/2023 16:12:07:194,346.751,1.33512e-306,1.33512e-306,,,0.0870483,1.33512e-306,1.33512e-306,,,30.2479,1.33512e-306,1.33512e-306
29/06/2023 16:12:08:614,346.751,1.20161e-306,1.20161e-306,,,0.0887424,1.20161e-306,1.20161e-306,,,30.7692,1.20161e-306,1.20161e-306
29/06/2023 16:12:09:401,346.751,1.50202e-307,1.50202e-307,,,0.0892337,1.50202e-307,1.50202e-307,,,30.9549,1.50202e-307,1.50202e-307
29/06/2023 16:12:10:625,346.751,1.50201e-307,1.50201e-307,,,0.0892692,1.50201e-307,1.50201e-307,,,30.9697,1.50201e-307,1.50201e-307
29/06/2023 16:12:11:437,346.751,1.20161e-306,1.20161e-306,,,0.0887512,1.20161e-306,1.20161e-306,,,30.7573,1.20161e-306,1.20161e-306
29/06/2023 16:12:12:486,346.751,1.69114e-306,1.69114e-306,,,0.0891374,1.69114e-306,1.69114e-306,,,30.8955,1.69114e-306,1.69114e-306
29/06/2023 16:12:13:467,346.75,1.50202e-307,1.50202e-307,,,0.0893096,1.50202e-307,1.50202e-307,,,30.9579,1.50202e-307,1.50202e-307
29/06/2023 16:12:14:690,346.751,1.50215e-307,1.50215e-307,,,0.0897691,1.50215e-307,1.50215e-307,,,31.1674,1.50215e-307,1.50215e-307
29/06/2023 16:12:15:323,346.751,1.50199e-307,1.50199e-307,,,0.0895125,1.50199e-307,1.50199e-307,,,31.0814,1.50199e-307,1.50199e-307
29/06/2023 16:12:16:539,346.751,1.50199e-307,1.50199e-307,,,0.0898995,1.50199e-307,1.50199e-307,,,31.2368,1.50199e-307,1.50199e-307
29/06/2023 16:12:17:552,346.75,1.50202e-307,1.50202e-307,,,0.0870669,1.50202e-307,1.50202e-307,,,30.2137,1.50202e-307,1.50202e-307
29/06/2023 16:12:18:762,346.75,1.78042e-306,1.78042e-306,,,0.0889521,1.78042e-306,1.78042e-306,,,30.8318,1.78042e-306,1.78042e-306
29/06/2023 16:12:19:559,346.75,1.33508e-306,1.33508e-306,,,0.0878089,1.33508e-306,1.33508e-306,,,30.4158,1.33508e-306,1.33508e-306
29/06/2023 16:12:20:607,346.751,1.37962e-306,1.37962e-306,,,0.0875207,1.37962e-306,1.37962e-306,,,30.3706,1.37962e-306,1.37962e-306
29/06/2023 16:12:21:602,346.752,1.7804e-306,1.7804e-306,,,0.0878146,1.7804e-306,1.7804e-306,,,30.5187,1.7804e-306,1.7804e-306
29/06/2023 16:12:22:822,346.75,9.34765e-307,9.34765e-307,,,0.0897936,9.34765e-307,9.34765e-307,,,31.0915,9.34765e-307,9.34765e-307
29/06/2023 16:12:23:621,346.751,1.78021e-306,1.78021e-306,,,0.089521,1.78021e-306,1.78021e-306,,,30.9707,1.78021e-306,1.78021e-306
29/06/2023 16:12:24:654,346.751,1.20161e-306,1.20161e-306,,,0.0880184,1.20161e-306,1.20161e-306,,,30.4363,1.20161e-306,1.20161e-306
29/06/2023 16:12:25:664,346.751,1.50201e-307,1.50201e-307,,,0.0876893,1.50201e-307,1.50201e-307,,,30.4398,1.50201e-307,1.50201e-307
29/06/2023 16:12:26:874,346.75,1.502e-307,1.502e-307,,,0.0895087,1.502e-307,1.502e-307,,,31.0257,1.502e-307,1.502e-307
29/06/2023 16:12:27:697,346.75,5.46874e-304,5.46874e-304,,,0.0873897,5.46874e-304,5.46874e-304,,,30.2959,5.46874e-304,5.46874e-304
29/06/2023 16:12:28:736,346.751,1.11262e-306,1.11262e-306,,,0.0889886,1.11262e-306,1.11262e-306,,,30.9096,1.11262e-306,1.11262e-306
29/06/2023 16:12:29:530,346.751,1.37962e-306,1.37962e-306,,,0.0870712,1.37962e-306,1.37962e-306,,,30.151,1.37962e-306,1.37962e-306
29/06/2023 16:12:30:757,346.751,5.46872e-304,5.46872e-304,,,0.087716,5.46872e-304,5.46872e-304,,,30.3971,5.46872e-304,5.46872e-304
29/06/2023 16:12:31:572,346.751,1.0236e-306,1.0236e-306,,,0.0886094,1.0236e-306,1.0236e-306,,,30.7136,1.0236e-306,1.0236e-306
29/06/2023 16:12:32:966,346.75,1.50201e-307,1.50201e-307,,,0.0891643,1.50201e-307,1.50201e-307,,,30.9359,1.50201e-307,1.50201e-307
29/06/2023 16:12:33:783,346.751,1.50201e-307,1.50201e-307,,,0.0889943,1.50201e-307,1.50201e-307,,,30.8882,1.50201e-307,1.50201e-307
29/06/2023 16:12:35:009,346.751,1.78014e-306,1.78014e-306,,,0.0880591,1.78014e-306,1.78014e-306,,,30.574,1.78014e-306,1.78014e-306
29/06/2023 16:12:35:821,346.751,9.79073e-307,9.79073e-307,,,0.0889437,9.79073e-307,9.79073e-307,,,30.7392,9.79073e-307,9.79073e-307
29/06/2023 16:12:37:038,346.751,5.46872e-304,5.46872e-304,,,0.0891955,5.46872e-304,5.46872e-304,,,30.902,5.46872e-304,5.46872e-304
29/06/2023 16:12:37:654,346.751,3.22646e-307,3.22646e-307,,,0.0877211,3.22646e-307,3.22646e-307,,,30.1638,3.22646e-307,3.22646e-307
29/06/2023 16:12:39:078,346.751,2.44768e-307,2.44768e-307,,,0.0894175,2.44768e-307,2.44768e-307,,,31.0433,2.44768e-307,2.44768e-307
29/06/2023 16:12:39:880,346.751,1.50196e-307,1.50196e-307,,,0.0891863,1.50196e-307,1.50196e-307,,,30.9969,1.50196e-307,1.50196e-307
29/06/2023 16:12:41:118,346.751,1.6022e-306,1.6022e-306,,,0.0897891,1.6022e-306,1.6022e-306,,,31.1572,1.6022e-306,1.6022e-306
29/06/2023 16:12:41:736,346.75,1.78014e-306,1.78014e-306,,,0.0896722,1.78014e-306,1.78014e-306,,,31.0926,1.78014e-306,1.78014e-306
29/06/2023 16:12:43:131,346.751,8.34446e-308,8.34446e-308,,,0.0884377,8.34446e-308,8.34446e-308,,,30.6618,8.34446e-308,8.34446e-308
29/06/2023 16:12:43:765,346.75,1.37963e-306,1.37963e-306,,,0.0882473,1.37963e-306,1.37963e-306,,,30.6371,1.37963e-306,1.37963e-306
29/06/2023 16:12:45:164,346.75,2.04715e-306,2.04715e-306,,,0.08828,2.04715e-306,2.04715e-306,,,30.6098,2.04715e-306,2.04715e-306
29/06/2023 16:12:45:796,346.751,1.50202e-307,1.50202e-307,,,0.0885272,1.50202e-307,1.50202e-307,,,30.6682,1.50202e-307,1.50202e-307
29/06/2023 16:12:47:299,346.751,7.56593e-307,7.56593e-307,,,0.0894811,7.56593e-307,7.56593e-307,,,31.0171,7.56593e-307,7.56593e-307
29/06/2023 16:12:48:006,346.749,7.56593e-307,7.56593e-307,,,0.0886126,7.56593e-307,7.56593e-307,,,30.7355,7.56593e-307,7.56593e-307
29/06/2023 16:12:49:052,346.75,7.56593e-307,7.56593e-307,,,0.0892025,7.56593e-307,7.56593e-307,,,30.9315,7.56593e-307,7.56593e-307
29/06/2023 16:12:50:029,346.751,8.90108e-307,8.90108e-307,,,0.0885493,8.90108e-307,8.90108e-307,,,30.7625,8.90108e-307,8.90108e-307
29/06/2023 16:12:51:075,346.75,9.34599e-307,9.34599e-307,,,0.0886176,9.34599e-307,9.34599e-307,,,30.7793,9.34599e-307,9.34599e-307
29/06/2023 16:12:51:887,346.751,1.11261e-306,1.11261e-306,,,0.0889725,1.11261e-306,1.11261e-306,,,30.8298,1.11261e-306,1.11261e-306
29/06/2023 16:12:53:278,346.751,1.78019e-306,1.78019e-306,,,0.0882601,1.78019e-306,1.78019e-306,,,30.5651,1.78019e-306,1.78019e-306
