Time;Voltage [U];Voltage [V];Voltage [W];;;Current [U];Current [V];Current [W];;;Power [U];Power [V];Power [W]
05/07/2023 16:47:41:315;345.998;0;0;;;0.0892016;0;0;;;30.878;0;0
05/07/2023 16:47:41:319;345.998;0;0;;;0.0892016;0;0;;;30.878;0;0
05/07/2023 16:47:42:296;345.997;0;0;;;0.089769;0;0;;;31.1326;0;0
05/07/2023 16:47:42:301;345.997;0;0;;;0.089769;0;0;;;31.1326;0;0
05/07/2023 16:47:43:434;345.996;0;0;;;0.0895588;0;0;;;31.0649;0;0
05/07/2023 16:47:43:437;345.996;0;0;;;0.0895588;0;0;;;31.0649;0;0
05/07/2023 16:47:44:585;345.996;0;0;;;0.0892125;0;0;;;30.9448;0;0
05/07/2023 16:47:44:588;345.996;0;0;;;0.0892125;0;0;;;30.9448;0;0
05/07/2023 16:47:45:780;345.997;0;0;;;0.090042;0;0;;;31.1499;0;0
05/07/2023 16:47:45:782;345.997;0;0;;;0.090042;0;0;;;31.1499;0;0
05/07/2023 16:47:46:605;345.996;7.6116e-311;7.6116e-311;;;0.0890953;7.6116e-311;7.6116e-311;;;30.824;7.6116e-311;7.6116e-311
05/07/2023 16:47:46:608;345.996;7.62009e-311;7.62009e-311;;;0.0890953;7.62009e-311;7.62009e-311;;;30.824;7.62009e-311;7.62009e-311
05/07/2023 16:47:47:599;345.998;7.62857e-311;7.62857e-311;;;0.0897496;7.62857e-311;7.62857e-311;;;31.0781;7.62857e-311;7.62857e-311
05/07/2023 16:47:47:602;345.998;7.63706e-311;7.63706e-311;;;0.0897496;7.63706e-311;7.63706e-311;;;31.0781;7.63706e-311;7.63706e-311
05/07/2023 16:47:48:615;345.997;7.64555e-311;7.64555e-311;;;0.0878429;7.64555e-311;7.64555e-311;;;30.447;7.64555e-311;7.64555e-311
05/07/2023 16:47:48:618;345.997;7.65404e-311;7.65404e-311;;;0.0878429;7.65404e-311;7.65404e-311;;;30.447;7.65404e-311;7.65404e-311
05/07/2023 16:47:49:619;345.997;7.66253e-311;7.66253e-311;;;0.0898523;7.66253e-311;7.66253e-311;;;31.1573;7.66253e-311;7.66253e-311
05/07/2023 16:47:49:622;345.997;7.67101e-311;7.67101e-311;;;0.0898523;7.67101e-311;7.67101e-311;;;31.1573;7.67101e-311;7.67101e-311
05/07/2023 16:47:50:657;345.996;7.6795e-311;7.6795e-311;;;0.0888536;7.6795e-311;7.6795e-311;;;30.7124;7.6795e-311;7.6795e-311
05/07/2023 16:47:50:658;345.996;7.68799e-311;7.68799e-311;;;0.0888536;7.68799e-311;7.68799e-311;;;30.7124;7.68799e-311;7.68799e-311
05/07/2023 16:47:51:654;345.998;7.69648e-311;7.69648e-311;;;0.0887974;7.69648e-311;7.69648e-311;;;30.7069;7.69648e-311;7.69648e-311
05/07/2023 16:47:51:655;345.998;7.70497e-311;7.70497e-311;;;0.0887974;7.70497e-311;7.70497e-311;;;30.7069;7.70497e-311;7.70497e-311
05/07/2023 16:47:52:676;345.997;7.71345e-311;7.71345e-311;;;0.0891137;7.71345e-311;7.71345e-311;;;30.9328;7.71345e-311;7.71345e-311
05/07/2023 16:47:52:678;345.997;7.72194e-311;7.72194e-311;;;0.0891137;7.72194e-311;7.72194e-311;;;30.9328;7.72194e-311;7.72194e-311
05/07/2023 16:47:53:677;345.997;1.79939e-320;1.79939e-320;;;0.0886049;1.79939e-320;1.79939e-320;;;30.6766;1.79939e-320;1.79939e-320
05/07/2023 16:47:53:680;345.997;7.73892e-311;7.73892e-311;;;0.0886049;7.73892e-311;7.73892e-311;;;30.6766;7.73892e-311;7.73892e-311
05/07/2023 16:47:54:709;345.997;7.74741e-311;7.74741e-311;;;0.0885911;7.74741e-311;7.74741e-311;;;30.5002;7.74741e-311;7.74741e-311
05/07/2023 16:47:54:711;345.997;7.75589e-311;7.75589e-311;;;0.0885911;7.75589e-311;7.75589e-311;;;30.5002;7.75589e-311;7.75589e-311
05/07/2023 16:47:55:694;345.997;7.76438e-311;7.76438e-311;;;0.0882098;7.76438e-311;7.76438e-311;;;30.5921;7.76438e-311;7.76438e-311
05/07/2023 16:47:55:697;345.997;7.77287e-311;7.77287e-311;;;0.0882098;7.77287e-311;7.77287e-311;;;30.5921;7.77287e-311;7.77287e-311
05/07/2023 16:47:56:742;345.997;7.78136e-311;7.78136e-311;;;0.0882876;7.78136e-311;7.78136e-311;;;30.522;7.78136e-311;7.78136e-311
05/07/2023 16:47:56:746;345.997;7.78985e-311;7.78985e-311;;;0.0882876;7.78985e-311;7.78985e-311;;;30.522;7.78985e-311;7.78985e-311
05/07/2023 16:47:57:747;345.998;7.79833e-311;7.79833e-311;;;0.0898695;7.79833e-311;7.79833e-311;;;31.1109;7.79833e-311;7.79833e-311
05/07/2023 16:47:57:752;345.998;0;0;;;0.0898695;0;0;;;31.1109;0;0
05/07/2023 16:47:58:763;345.997;1.78715e+161;1.78715e+161;;;0.0898172;1.78715e+161;1.78715e+161;;;31.0963;1.78715e+161;1.78715e+161
05/07/2023 16:47:58:766;345.997;0;0;;;0.0898172;0;0;;;31.0963;0;0
05/07/2023 16:47:59:762;345.996;1.9098e-313;1.9098e-313;;;0.08752;1.9098e-313;1.9098e-313;;;30.2922;1.9098e-313;1.9098e-313
05/07/2023 16:47:59:765;345.996;2.8707e-306;2.8707e-306;;;0.08752;2.8707e-306;2.8707e-306;;;30.2922;2.8707e-306;2.8707e-306
05/07/2023 16:48:00:799;345.997;4.72853e-307;4.72853e-307;;;0.0891883;4.72853e-307;4.72853e-307;;;30.9242;4.72853e-307;4.72853e-307
05/07/2023 16:48:00:802;345.997;2.36475e-308;2.36475e-308;;;0.0891883;2.36475e-308;2.36475e-308;;;30.9242;2.36475e-308;2.36475e-308
05/07/2023 16:48:01:793;345.996;4.72828e-307;4.72828e-307;;;0.086437;4.72828e-307;4.72828e-307;;;29.846;4.72828e-307;4.72828e-307
05/07/2023 16:48:01:796;345.996;8.285e-317;8.285e-317;;;0.086437;8.285e-317;8.285e-317;;;29.846;8.285e-317;8.285e-317
05/07/2023 16:48:02:852;345.997;0;0;;;0.0882861;0;0;;;30.5491;0;0
05/07/2023 16:48:02:855;345.997;0;0;;;0.0882861;0;0;;;30.5491;0;0
05/07/2023 16:48:03:861;345.997;1.50202e-307;1.50202e-307;;;0.0887685;1.50202e-307;1.50202e-307;;;30.8142;1.50202e-307;1.50202e-307
05/07/2023 16:48:03:865;345.997;1.50201e-307;1.50201e-307;;;0.0887685;1.50201e-307;1.50201e-307;;;30.8142;1.50201e-307;1.50201e-307
05/07/2023 16:48:04:861;345.997;1.50201e-307;1.50201e-307;;;0.0892358;1.50201e-307;1.50201e-307;;;30.8713;1.50201e-307;1.50201e-307
05/07/2023 16:48:04:864;345.997;8.90104e-307;8.90104e-307;;;0.0892358;8.90104e-307;8.90104e-307;;;30.8713;8.90104e-307;8.90104e-307
05/07/2023 16:48:05:862;345.996;7.56593e-307;7.56593e-307;;;0.0897358;7.56593e-307;7.56593e-307;;;31.0928;7.56593e-307;7.56593e-307
05/07/2023 16:48:05:865;345.996;7.56593e-307;7.56593e-307;;;0.0897358;7.56593e-307;7.56593e-307;;;31.0928;7.56593e-307;7.56593e-307
05/07/2023 16:48:06:903;345.996;1.69119e-306;1.69119e-306;;;0.0900583;1.69119e-306;1.69119e-306;;;31.1658;1.69119e-306;1.69119e-306
05/07/2023 16:48:06:907;345.996;1.60221e-306;1.60221e-306;;;0.0900583;1.60221e-306;1.60221e-306;;;31.1658;1.60221e-306;1.60221e-306
05/07/2023 16:48:07:897;345.998;1.11261e-306;1.11261e-306;;;0.0884064;1.11261e-306;1.11261e-306;;;30.573;1.11261e-306;1.11261e-306
05/07/2023 16:48:07:901;345.998;1.86922e-306;1.86922e-306;;;0.0884064;1.86922e-306;1.86922e-306;;;30.573;1.86922e-306;1.86922e-306
05/07/2023 16:48:08:923;345.997;3.22646e-307;3.22646e-307;;;0.0898355;3.22646e-307;3.22646e-307;;;31.1709;3.22646e-307;3.22646e-307
05/07/2023 16:48:08:926;345.997;2.44768e-307;2.44768e-307;;;0.0898355;2.44768e-307;2.44768e-307;;;31.1709;2.44768e-307;2.44768e-307
05/07/2023 16:48:09:913;345.997;1.00133e-307;1.00133e-307;;;0.0888677;1.00133e-307;1.00133e-307;;;30.7459;1.00133e-307;1.00133e-307
05/07/2023 16:48:09:917;345.997;1.22384e-307;1.22384e-307;;;0.0888677;1.22384e-307;1.22384e-307;;;30.7459;1.22384e-307;1.22384e-307
05/07/2023 16:48:10:960;345.997;2.13621e-306;2.13621e-306;;;0.0906852;2.13621e-306;2.13621e-306;;;31.4047;2.13621e-306;2.13621e-306
05/07/2023 16:48:10:963;345.997;8.01102e-307;8.01102e-307;;;0.0906852;8.01102e-307;8.01102e-307;;;31.4047;8.01102e-307;8.01102e-307
05/07/2023 16:48:11:960;345.996;1.29061e-306;1.29061e-306;;;0.0868964;1.29061e-306;1.29061e-306;;;30.0672;1.29061e-306;1.29061e-306
05/07/2023 16:48:11:964;345.996;1.24611e-306;1.24611e-306;;;0.0868964;1.24611e-306;1.24611e-306;;;30.0672;1.24611e-306;1.24611e-306
05/07/2023 16:48:12:994;345.996;1.11261e-306;1.11261e-306;;;0.0897431;1.11261e-306;1.11261e-306;;;31.0351;1.11261e-306;1.11261e-306
05/07/2023 16:48:12:999;345.996;8.01098e-307;8.01098e-307;;;0.0897431;8.01098e-307;8.01098e-307;;;31.0351;8.01098e-307;8.01098e-307
05/07/2023 16:48:13:993;345.997;1.37962e-306;1.37962e-306;;;0.0898829;1.37962e-306;1.37962e-306;;;31.1603;1.37962e-306;1.37962e-306
05/07/2023 16:48:13:997;345.997;1.11261e-306;1.11261e-306;;;0.0898829;1.11261e-306;1.11261e-306;;;31.1603;1.11261e-306;1.11261e-306
05/07/2023 16:48:15:026;345.997;7.56599e-307;7.56599e-307;;;0.0899091;7.56599e-307;7.56599e-307;;;31.1365;7.56599e-307;7.56599e-307
05/07/2023 16:48:15:030;345.997;8.01101e-307;8.01101e-307;;;0.0899091;8.01101e-307;8.01101e-307;;;31.1365;8.01101e-307;8.01101e-307
05/07/2023 16:48:16:023;345.996;1.502e-307;1.502e-307;;;0.0877437;1.502e-307;1.502e-307;;;30.4348;1.502e-307;1.502e-307
05/07/2023 16:48:16:028;345.996;1.50199e-307;1.50199e-307;;;0.0877437;1.50199e-307;1.50199e-307;;;30.4348;1.50199e-307;1.50199e-307
05/07/2023 16:48:17:056;345.997;7.56577e-307;7.56577e-307;;;0.0890593;7.56577e-307;7.56577e-307;;;30.8258;7.56577e-307;7.56577e-307
05/07/2023 16:48:17:061;345.997;1.3796e-306;1.3796e-306;;;0.0890593;1.3796e-306;1.3796e-306;;;30.8258;1.3796e-306;1.3796e-306
05/07/2023 16:48:18:066;345.997;1.60217e-306;1.60217e-306;;;0.0898469;1.60217e-306;1.60217e-306;;;31.0305;1.60217e-306;1.60217e-306
05/07/2023 16:48:18:069;345.997;1.3796e-306;1.3796e-306;;;0.0898469;1.3796e-306;1.3796e-306;;;31.0305;1.3796e-306;1.3796e-306
05/07/2023 16:48:19:092;345.997;7.56591e-307;7.56591e-307;;;0.0894438;7.56591e-307;7.56591e-307;;;31.0701;7.56591e-307;7.56591e-307
05/07/2023 16:48:19:096;345.997;1.33512e-306;1.33512e-306;;;0.0894438;1.33512e-306;1.33512e-306;;;31.0701;1.33512e-306;1.33512e-306
05/07/2023 16:48:20:089;345.998;9.34606e-307;9.34606e-307;;;0.089859;9.34606e-307;9.34606e-307;;;31.046;9.34606e-307;9.34606e-307
05/07/2023 16:48:20:092;345.998;1.37959e-306;1.37959e-306;;;0.089859;1.37959e-306;1.37959e-306;;;31.046;1.37959e-306;1.37959e-306
05/07/2023 16:48:21:112;345.995;1.50201e-307;1.50201e-307;;;0.0887594;1.50201e-307;1.50201e-307;;;30.6653;1.50201e-307;1.50201e-307
05/07/2023 16:48:21:115;345.995;4.22784e-307;4.22784e-307;;;0.0887594;4.22784e-307;4.22784e-307;;;30.6653;4.22784e-307;4.22784e-307
05/07/2023 16:48:22:099;345.997;1.50201e-307;1.50201e-307;;;0.0896597;1.50201e-307;1.50201e-307;;;31.1008;1.50201e-307;1.50201e-307
05/07/2023 16:48:22:102;345.997;1.502e-307;1.502e-307;;;0.0896597;1.502e-307;1.502e-307;;;31.1008;1.502e-307;1.502e-307
05/07/2023 16:48:23:155;345.996;1.1126e-306;1.1126e-306;;;0.0871241;1.1126e-306;1.1126e-306;;;30.1551;1.1126e-306;1.1126e-306
05/07/2023 16:48:23:160;345.996;7.56599e-307;7.56599e-307;;;0.0871241;7.56599e-307;7.56599e-307;;;30.1551;7.56599e-307;7.56599e-307
05/07/2023 16:48:24:155;345.997;1.33511e-306;1.33511e-306;;;0.0889871;1.33511e-306;1.33511e-306;;;30.8246;1.33511e-306;1.33511e-306
05/07/2023 16:48:24:158;345.997;1.06811e-306;1.06811e-306;;;0.0889871;1.06811e-306;1.06811e-306;;;30.8246;1.06811e-306;1.06811e-306
05/07/2023 16:48:25:186;345.996;1.24611e-306;1.24611e-306;;;0.0881965;1.24611e-306;1.24611e-306;;;30.4992;1.24611e-306;1.24611e-306
05/07/2023 16:48:25:190;345.996;1.50212e-307;1.50212e-307;;;0.0881965;1.50212e-307;1.50212e-307;;;30.4992;1.50212e-307;1.50212e-307
05/07/2023 16:48:26:190;345.996;1.50212e-307;1.50212e-307;;;-19.9021;1.50212e-307;1.50212e-307;;;-6895.29;1.50212e-307;1.50212e-307
05/07/2023 16:48:26:194;345.996;1.60221e-306;1.60221e-306;;;-19.9021;1.60221e-306;1.60221e-306;;;-6895.29;1.60221e-306;1.60221e-306
05/07/2023 16:48:27:206;346.001;1.7802e-306;1.7802e-306;;;-19.979;1.7802e-306;1.7802e-306;;;-6912.51;1.7802e-306;1.7802e-306
05/07/2023 16:48:27:209;346.001;1.29061e-306;1.29061e-306;;;-19.979;1.29061e-306;1.29061e-306;;;-6912.51;1.29061e-306;1.29061e-306
05/07/2023 16:48:28:200;346.006;1.7802e-306;1.7802e-306;;;-19.9809;1.7802e-306;1.7802e-306;;;-6913.21;1.7802e-306;1.7802e-306
05/07/2023 16:48:28:206;346.006;1.50201e-307;1.50201e-307;;;-19.9809;1.50201e-307;1.50201e-307;;;-6913.21;1.50201e-307;1.50201e-307
05/07/2023 16:48:29:234;346.011;1.50202e-307;1.50202e-307;;;-19.9826;1.50202e-307;1.50202e-307;;;-6913.6;1.50202e-307;1.50202e-307
05/07/2023 16:48:29:237;346.011;2.67019e-307;2.67019e-307;;;-19.9826;2.67019e-307;2.67019e-307;;;-6913.6;2.67019e-307;2.67019e-307
05/07/2023 16:48:30:223;346.018;3.22646e-307;3.22646e-307;;;-19.9836;3.22646e-307;3.22646e-307;;;-6914.36;3.22646e-307;3.22646e-307
05/07/2023 16:48:30:227;346.018;3.56032e-307;3.56032e-307;;;-19.9836;3.56032e-307;3.56032e-307;;;-6914.36;3.56032e-307;3.56032e-307
05/07/2023 16:48:31:276;346.024;7.43654e-219;7.43654e-219;;;-19.9833;7.43654e-219;7.43654e-219;;;-6914.39;7.43654e-219;7.43654e-219
05/07/2023 16:48:31:279;346.024;1.02941e-218;1.02941e-218;;;-19.9833;1.02941e-218;1.02941e-218;;;-6914.39;1.02941e-218;1.02941e-218
05/07/2023 16:48:32:279;346.029;1.73391e-221;1.73391e-221;;;-19.9847;1.73391e-221;1.73391e-221;;;-6915.04;1.73391e-221;1.73391e-221
05/07/2023 16:48:32:285;346.029;2.16105e-217;2.16105e-217;;;-19.9847;2.16105e-217;2.16105e-217;;;-6915.04;2.16105e-217;2.16105e-217
05/07/2023 16:48:33:322;346.034;5.32417e-219;5.32417e-219;;;-19.9832;5.32417e-219;5.32417e-219;;;-6914.53;5.32417e-219;5.32417e-219
05/07/2023 16:48:33:326;346.034;3.77807e-220;3.77807e-220;;;-19.9832;3.77807e-220;3.77807e-220;;;-6914.53;3.77807e-220;3.77807e-220
05/07/2023 16:48:34:325;346.04;4.02153e-221;4.02153e-221;;;-19.983;4.02153e-221;4.02153e-221;;;-6914.49;4.02153e-221;4.02153e-221
05/07/2023 16:48:34:329;346.04;1.50598e-307;1.50598e-307;;;-19.983;1.50598e-307;1.50598e-307;;;-6914.49;1.50598e-307;1.50598e-307
05/07/2023 16:48:35:342;346.045;1.50585e-307;1.50585e-307;;;-19.9824;1.50585e-307;1.50585e-307;;;-6914.39;1.50585e-307;1.50585e-307
05/07/2023 16:48:35:344;346.045;6.39574e-279;6.39574e-279;;;-19.9824;6.39574e-279;6.39574e-279;;;-6914.39;6.39574e-279;6.39574e-279
05/07/2023 16:48:36:344;346.051;2.29391e-278;2.29391e-278;;;-19.9828;2.29391e-278;2.29391e-278;;;-6914.63;2.29391e-278;2.29391e-278
05/07/2023 16:48:36:348;346.051;5.95503e-279;5.95503e-279;;;-19.9828;5.95503e-279;5.95503e-279;;;-6914.63;5.95503e-279;5.95503e-279
05/07/2023 16:48:37:394;346.056;5.29398e-279;5.29398e-279;;;-19.9825;5.29398e-279;5.29398e-279;;;-6914.63;5.29398e-279;5.29398e-279
05/07/2023 16:48:37:400;346.056;1.85316e-278;1.85316e-278;;;-19.9825;1.85316e-278;1.85316e-278;;;-6914.63;1.85316e-278;1.85316e-278
05/07/2023 16:48:38:401;346.061;1.10288e-278;1.10288e-278;;;-19.9833;1.10288e-278;1.10288e-278;;;-6914.96;1.10288e-278;1.10288e-278
05/07/2023 16:48:38:404;346.061;1.50326e-307;1.50326e-307;;;-19.9833;1.50326e-307;1.50326e-307;;;-6914.96;1.50326e-307;1.50326e-307
05/07/2023 16:48:39:417;346.066;1.50327e-307;1.50327e-307;;;-19.9834;1.50327e-307;1.50327e-307;;;-6915.06;1.50327e-307;1.50327e-307
05/07/2023 16:48:39:421;346.066;1.45371e-282;1.45371e-282;;;-19.9834;1.45371e-282;1.45371e-282;;;-6915.06;1.45371e-282;1.45371e-282
05/07/2023 16:48:40:420;346.072;3.44767e-282;3.44767e-282;;;-19.9855;3.44767e-282;3.44767e-282;;;-6915.83;3.44767e-282;3.44767e-282
05/07/2023 16:48:40:421;346.072;2.36944e-282;2.36944e-282;;;-19.9855;2.36944e-282;2.36944e-282;;;-6915.83;2.36944e-282;2.36944e-282
05/07/2023 16:48:41:453;346.075;9.6953e-283;9.6953e-283;;;-19.9848;9.6953e-283;9.6953e-283;;;-6915.75;9.6953e-283;9.6953e-283
05/07/2023 16:48:41:457;346.075;1.45371e-282;1.45371e-282;;;-19.9848;1.45371e-282;1.45371e-282;;;-6915.75;1.45371e-282;1.45371e-282
05/07/2023 16:48:42:457;346.082;9.15731e-283;9.15731e-283;;;-19.9851;9.15731e-283;9.15731e-283;;;-6915.97;9.15731e-283;9.15731e-283
05/07/2023 16:48:42:460;346.082;4.30845e-282;4.30845e-282;;;-19.9851;4.30845e-282;4.30845e-282;;;-6915.97;4.30845e-282;4.30845e-282
05/07/2023 16:48:43:493;346.087;2.58465e-282;2.58465e-282;;;-19.9843;2.58465e-282;2.58465e-282;;;-6915.77;2.58465e-282;2.58465e-282
05/07/2023 16:48:43:497;346.087;1.45371e-282;1.45371e-282;;;-19.9843;1.45371e-282;1.45371e-282;;;-6915.77;1.45371e-282;1.45371e-282
05/07/2023 16:48:44:505;346.093;9.69512e-283;9.69512e-283;;;-19.9832;9.69512e-283;9.69512e-283;;;-6915.41;9.69512e-283;9.69512e-283
05/07/2023 16:48:44:506;346.093;9.15714e-283;9.15714e-283;;;-19.9832;9.15714e-283;9.15714e-283;;;-6915.41;9.15714e-283;9.15714e-283
05/07/2023 16:48:45:528;346.096;1.5031e-307;1.5031e-307;;;-19.9841;1.5031e-307;1.5031e-307;;;-6915.84;1.5031e-307;1.5031e-307
05/07/2023 16:48:45:532;346.096;1.50307e-307;1.50307e-307;;;-19.9841;1.50307e-307;1.50307e-307;;;-6915.84;1.50307e-307;1.50307e-307
05/07/2023 16:48:46:535;346.1;1.46323e-261;1.46323e-261;;;-19.9851;1.46323e-261;1.46323e-261;;;-6916.34;1.46323e-261;1.46323e-261
05/07/2023 16:48:46:538;346.1;1.98783e-262;1.98783e-262;;;-19.9851;1.98783e-262;1.98783e-262;;;-6916.34;1.98783e-262;1.98783e-262
05/07/2023 16:48:47:569;346.107;1.50402e-307;1.50402e-307;;;-19.9832;1.50402e-307;1.50402e-307;;;-6915.78;1.50402e-307;1.50402e-307
05/07/2023 16:48:47:575;346.107;1.8443e-261;1.8443e-261;;;-19.9832;1.8443e-261;1.8443e-261;;;-6915.78;1.8443e-261;1.8443e-261
05/07/2023 16:48:48:584;346.109;1.46323e-261;1.46323e-261;;;-19.9834;1.46323e-261;1.46323e-261;;;-6915.88;1.46323e-261;1.46323e-261
05/07/2023 16:48:48:586;346.109;4.76967e-262;4.76967e-262;;;-19.9834;4.76967e-262;4.76967e-262;;;-6915.88;4.76967e-262;4.76967e-262
05/07/2023 16:48:49:634;346.114;1.82909e-262;1.82909e-262;;;-19.9844;1.82909e-262;1.82909e-262;;;-6916.29;1.82909e-262;1.82909e-262
05/07/2023 16:48:49:637;346.114;3.65814e-262;3.65814e-262;;;-19.9844;3.65814e-262;3.65814e-262;;;-6916.29;3.65814e-262;3.65814e-262
05/07/2023 16:48:50:793;346.119;7.63382e-262;7.63382e-262;;;-19.9844;7.63382e-262;7.63382e-262;;;-6916.4;7.63382e-262;7.63382e-262
05/07/2023 16:48:50:798;346.119;1.50408e-307;1.50408e-307;;;-19.9844;1.50408e-307;1.50408e-307;;;-6916.4;1.50408e-307;1.50408e-307
05/07/2023 16:48:51:641;346.123;8.14921e-261;8.14921e-261;;;-19.9844;8.14921e-261;8.14921e-261;;;-6916.5;8.14921e-261;8.14921e-261
05/07/2023 16:48:51:644;346.123;1.50408e-307;1.50408e-307;;;-19.9844;1.50408e-307;1.50408e-307;;;-6916.5;1.50408e-307;1.50408e-307
05/07/2023 16:48:52:644;346.128;1.50403e-307;1.50403e-307;;;-19.9845;1.50403e-307;1.50403e-307;;;-6916.64;1.50403e-307;1.50403e-307
05/07/2023 16:48:52:648;346.128;8.34431e-308;8.34431e-308;;;-19.9845;8.34431e-308;8.34431e-308;;;-6916.64;8.34431e-308;8.34431e-308
05/07/2023 16:48:53:661;346.131;8.34487e-308;8.34487e-308;;;-19.9828;8.34487e-308;8.34487e-308;;;-6916.16;8.34487e-308;8.34487e-308
05/07/2023 16:48:53:663;346.131;8.34431e-308;8.34431e-308;;;-19.9828;8.34431e-308;8.34431e-308;;;-6916.16;8.34431e-308;8.34431e-308
05/07/2023 16:48:54:668;346.135;8.34551e-308;8.34551e-308;;;-19.9841;8.34551e-308;8.34551e-308;;;-6916.61;8.34551e-308;8.34551e-308
05/07/2023 16:48:54:673;346.135;8.01067e-307;8.01067e-307;;;-19.9841;8.01067e-307;8.01067e-307;;;-6916.61;8.01067e-307;8.01067e-307
05/07/2023 16:48:55:703;346.139;1.78021e-306;1.78021e-306;;;-19.9851;1.78021e-306;1.78021e-306;;;-6917.12;1.78021e-306;1.78021e-306
05/07/2023 16:48:55:706;346.139;4.52075e-302;4.52075e-302;;;-19.9851;4.52075e-302;4.52075e-302;;;-6917.12;4.52075e-302;4.52075e-302
05/07/2023 16:48:56:700;346.142;4.52076e-302;4.52076e-302;;;-19.9845;4.52076e-302;4.52076e-302;;;-6917.05;4.52076e-302;4.52076e-302
05/07/2023 16:48:56:701;346.142;4.52075e-302;4.52075e-302;;;-19.9845;4.52075e-302;4.52075e-302;;;-6917.05;4.52075e-302;4.52075e-302
05/07/2023 16:48:57:765;346.147;1.29071e-306;1.29071e-306;;;-19.9849;1.29071e-306;1.29071e-306;;;-6917.12;1.29071e-306;1.29071e-306
05/07/2023 16:48:57:769;346.147;6.19806e-303;6.19806e-303;;;-19.9849;6.19806e-303;6.19806e-303;;;-6917.12;6.19806e-303;6.19806e-303
05/07/2023 16:48:58:766;346.15;2.38967e-297;2.38967e-297;;;-19.9861;2.38967e-297;2.38967e-297;;;-6917.63;2.38967e-297;2.38967e-297
05/07/2023 16:48:58:769;346.15;4.3613e-289;4.3613e-289;;;-19.9861;4.3613e-289;4.3613e-289;;;-6917.63;4.3613e-289;4.3613e-289
05/07/2023 16:48:59:793;346.153;8.34844e-308;8.34844e-308;;;-19.9859;8.34844e-308;8.34844e-308;;;-6917.65;8.34844e-308;8.34844e-308
05/07/2023 16:48:59:796;346.153;8.34844e-308;8.34844e-308;;;-19.9859;8.34844e-308;8.34844e-308;;;-6917.65;8.34844e-308;8.34844e-308
05/07/2023 16:49:00:809;346.157;1.74452e-288;1.74452e-288;;;-19.9836;1.74452e-288;1.74452e-288;;;-6916.92;1.74452e-288;1.74452e-288
05/07/2023 16:49:00:815;346.157;2.36179e-288;2.36179e-288;;;-19.9836;2.36179e-288;2.36179e-288;;;-6916.92;2.36179e-288;2.36179e-288
05/07/2023 16:49:01:838;346.163;3.49274e-288;3.49274e-288;;;-19.9855;3.49274e-288;3.49274e-288;;;-6917.67;3.49274e-288;3.49274e-288
05/07/2023 16:49:01:842;346.163;2.97773e-288;2.97773e-288;;;-19.9855;2.97773e-288;2.97773e-288;;;-6917.67;2.97773e-288;2.97773e-288
05/07/2023 16:49:02:858;346.166;2.87485e-288;2.87485e-288;;;-19.9862;2.87485e-288;2.87485e-288;;;-6918.03;2.87485e-288;2.87485e-288
05/07/2023 16:49:02:862;346.166;2.97773e-288;2.97773e-288;;;-19.9862;2.97773e-288;2.97773e-288;;;-6918.03;2.97773e-288;2.97773e-288
05/07/2023 16:49:03:868;346.168;4.45541e-308;4.45541e-308;;;-19.9841;4.45541e-308;4.45541e-308;;;-6917.43;4.45541e-308;4.45541e-308
05/07/2023 16:49:03:871;346.168;6.5675e-286;6.5675e-286;;;-19.9841;6.5675e-286;6.5675e-286;;;-6917.43;6.5675e-286;6.5675e-286
05/07/2023 16:49:04:881;346.173;1.74613e-288;1.74613e-288;;;-19.9852;1.74613e-288;1.74613e-288;;;-6917.88;1.74613e-288;1.74613e-288
05/07/2023 16:49:04:882;346.173;1.24611e-306;1.24611e-306;;;-19.9852;1.24611e-306;1.24611e-306;;;-6917.88;1.24611e-306;1.24611e-306
05/07/2023 16:49:05:914;346.176;2.31421e-306;2.31421e-306;;;-19.985;2.31421e-306;2.31421e-306;;;-6917.97;2.31421e-306;2.31421e-306
05/07/2023 16:49:05:917;346.176;1.6022e-306;1.6022e-306;;;-19.985;1.6022e-306;1.6022e-306;;;-6917.97;1.6022e-306;1.6022e-306
05/07/2023 16:49:06:928;346.18;1.02361e-306;1.02361e-306;;;-19.9851;1.02361e-306;1.02361e-306;;;-6917.95;1.02361e-306;1.02361e-306
05/07/2023 16:49:06:931;346.18;1.69119e-306;1.69119e-306;;;-19.9851;1.69119e-306;1.69119e-306;;;-6917.95;1.69119e-306;1.69119e-306
05/07/2023 16:49:07:944;346.183;7.566e-307;7.566e-307;;;-19.9856;7.566e-307;7.566e-307;;;-6918.37;7.566e-307;7.566e-307
05/07/2023 16:49:07:947;346.183;1.78021e-306;1.78021e-306;;;-19.9856;1.78021e-306;1.78021e-306;;;-6918.37;1.78021e-306;1.78021e-306
05/07/2023 16:49:08:946;346.186;7.56594e-307;7.56594e-307;;;-19.9857;7.56594e-307;7.56594e-307;;;-6918.44;7.56594e-307;7.56594e-307
05/07/2023 16:49:08:950;346.186;1.69121e-306;1.69121e-306;;;-19.9857;1.69121e-306;1.69121e-306;;;-6918.44;1.69121e-306;1.69121e-306
05/07/2023 16:49:09:979;346.19;1.37959e-306;1.37959e-306;;;-19.9837;1.37959e-306;1.37959e-306;;;-6917.81;1.37959e-306;1.37959e-306
05/07/2023 16:49:09:983;346.19;1.50201e-307;1.50201e-307;;;-19.9837;1.50201e-307;1.50201e-307;;;-6917.81;1.50201e-307;1.50201e-307
05/07/2023 16:49:10:974;346.194;1.78019e-306;1.78019e-306;;;-19.9846;1.78019e-306;1.78019e-306;;;-6918.09;1.78019e-306;1.78019e-306
05/07/2023 16:49:10:977;346.194;1.50198e-307;1.50198e-307;;;-19.9846;1.50198e-307;1.50198e-307;;;-6918.09;1.50198e-307;1.50198e-307
05/07/2023 16:49:12:007;346.197;1.50199e-307;1.50199e-307;;;-19.9852;1.50199e-307;1.50199e-307;;;-6918.49;1.50199e-307;1.50199e-307
05/07/2023 16:49:12:013;346.197;1.50403e-307;1.50403e-307;;;-19.9852;1.50403e-307;1.50403e-307;;;-6918.49;1.50403e-307;1.50403e-307
05/07/2023 16:49:13:016;346.2;1.08215e-261;1.08215e-261;;;-19.985;1.08215e-261;1.08215e-261;;;-6918.5;1.08215e-261;1.08215e-261
05/07/2023 16:49:13:019;346.2;4.13453e-262;4.13453e-262;;;-19.985;4.13453e-262;4.13453e-262;;;-6918.5;4.13453e-262;4.13453e-262
05/07/2023 16:49:14:038;346.204;5.09333e-262;5.09333e-262;;;-19.9861;5.09333e-262;5.09333e-262;;;-6918.94;5.09333e-262;5.09333e-262
05/07/2023 16:49:14:040;346.204;9.85677e-262;9.85677e-262;;;-19.9861;9.85677e-262;9.85677e-262;;;-6918.94;9.85677e-262;9.85677e-262
05/07/2023 16:49:15:038;346.208;4.45203e-262;4.45203e-262;;;-19.9862;4.45203e-262;4.45203e-262;;;-6918.95;4.45203e-262;4.45203e-262
05/07/2023 16:49:15:042;346.208;5.72821e-262;5.72821e-262;;;-19.9862;5.72821e-262;5.72821e-262;;;-6918.95;5.72821e-262;5.72821e-262
05/07/2023 16:49:16:076;346.211;4.45201e-262;4.45201e-262;;;-19.9864;4.45201e-262;4.45201e-262;;;-6919.2;4.45201e-262;4.45201e-262
05/07/2023 16:49:16:079;346.211;1.84434e-261;1.84434e-261;;;-19.9864;1.84434e-261;1.84434e-261;;;-6919.2;1.84434e-261;1.84434e-261
05/07/2023 16:49:17:069;346.215;6.9869e-262;6.9869e-262;;;-19.984;6.9869e-262;6.9869e-262;;;-6918.42;6.9869e-262;6.9869e-262
05/07/2023 16:49:17:072;346.215;1.50403e-307;1.50403e-307;;;-19.984;1.50403e-307;1.50403e-307;;;-6918.42;1.50403e-307;1.50403e-307
05/07/2023 16:49:18:104;346.219;5.08146e-262;5.08146e-262;;;-19.9833;5.08146e-262;5.08146e-262;;;-6918.5;5.08146e-262;5.08146e-262
05/07/2023 16:49:18:108;346.219;1.08215e-261;1.08215e-261;;;-19.9833;1.08215e-261;1.08215e-261;;;-6918.5;1.08215e-261;1.08215e-261
05/07/2023 16:49:19:101;346.222;6.9869e-262;6.9869e-262;;;-19.9867;6.9869e-262;6.9869e-262;;;-6919.54;6.9869e-262;6.9869e-262
05/07/2023 16:49:19:105;346.222;1.42004e-234;1.42004e-234;;;-19.9867;1.42004e-234;1.42004e-234;;;-6919.54;1.42004e-234;1.42004e-234
05/07/2023 16:49:20:138;346.226;8.25622e-235;8.25622e-235;;;-19.9849;8.25622e-235;8.25622e-235;;;-6919.05;8.25622e-235;8.25622e-235
05/07/2023 16:49:20:142;346.226;3.32448e-236;3.32448e-236;;;-19.9849;3.32448e-236;3.32448e-236;;;-6919.05;3.32448e-236;3.32448e-236
05/07/2023 16:49:21:134;346.229;4.91438e-235;4.91438e-235;;;-19.985;4.91438e-235;4.91438e-235;;;-6919.19;4.91438e-235;4.91438e-235
05/07/2023 16:49:21:137;346.229;1.22103e-234;1.22103e-234;;;-19.985;1.22103e-234;1.22103e-234;;;-6919.19;1.22103e-234;1.22103e-234
05/07/2023 16:49:22:171;346.233;1.26276e-234;1.26276e-234;;;-19.9844;1.26276e-234;1.26276e-234;;;-6919.07;1.26276e-234;1.26276e-234
05/07/2023 16:49:22:174;346.233;1.42e-234;1.42e-234;;;-19.9844;1.42e-234;1.42e-234;;;-6919.07;1.42e-234;1.42e-234
05/07/2023 16:49:23:171;346.236;5.80209e-233;5.80209e-233;;;-19.984;5.80209e-233;5.80209e-233;;;-6918.95;5.80209e-233;5.80209e-233
05/07/2023 16:49:23:174;346.236;1.26276e-234;1.26276e-234;;;-19.984;1.26276e-234;1.26276e-234;;;-6918.95;1.26276e-234;1.26276e-234
05/07/2023 16:49:24:197;346.24;3.32451e-236;3.32451e-236;;;-19.9835;3.32451e-236;3.32451e-236;;;-6918.82;3.32451e-236;3.32451e-236
05/07/2023 16:49:24:200;346.24;1.73442e-234;1.73442e-234;;;-19.9835;1.73442e-234;1.73442e-234;;;-6918.82;1.73442e-234;1.73442e-234
05/07/2023 16:49:25:220;346.245;3.32447e-236;3.32447e-236;;;-19.984;3.32447e-236;3.32447e-236;;;-6919.16;3.32447e-236;3.32447e-236
05/07/2023 16:49:25:221;346.245;1.50519e-307;1.50519e-307;;;-19.984;1.50519e-307;1.50519e-307;;;-6919.16;1.50519e-307;1.50519e-307
05/07/2023 16:49:26:223;346.247;9.45838e-235;9.45838e-235;;;-19.9844;9.45838e-235;9.45838e-235;;;-6919.29;9.45838e-235;9.45838e-235
05/07/2023 16:49:26:227;346.247;1.42004e-234;1.42004e-234;;;-19.9844;1.42004e-234;1.42004e-234;;;-6919.29;1.42004e-234;1.42004e-234
05/07/2023 16:49:27:230;346.251;1.42004e-234;1.42004e-234;;;-19.9827;1.42004e-234;1.42004e-234;;;-6918.82;1.42004e-234;1.42004e-234
05/07/2023 16:49:27:233;346.251;4.09823e-234;4.09823e-234;;;-19.9827;4.09823e-234;4.09823e-234;;;-6918.82;4.09823e-234;4.09823e-234
05/07/2023 16:49:28:256;346.255;1.24612e-306;1.24612e-306;;;-19.9835;1.24612e-306;1.24612e-306;;;-6919.2;1.24612e-306;1.24612e-306
05/07/2023 16:49:28:259;346.255;1.8692e-306;1.8692e-306;;;-19.9835;1.8692e-306;1.8692e-306;;;-6919.2;1.8692e-306;1.8692e-306
05/07/2023 16:49:29:257;346.258;5.56288e-307;5.56288e-307;;;-19.9839;5.56288e-307;5.56288e-307;;;-6919.45;5.56288e-307;5.56288e-307
05/07/2023 16:49:29:262;346.258;8.34446e-308;8.34446e-308;;;-19.9839;8.34446e-308;8.34446e-308;;;-6919.45;8.34446e-308;8.34446e-308
05/07/2023 16:49:30:282;346.262;1.86917e-306;1.86917e-306;;;-19.9838;1.86917e-306;1.86917e-306;;;-6919.46;1.86917e-306;1.86917e-306
05/07/2023 16:49:30:285;346.262;9.34583e-307;9.34583e-307;;;-19.9838;9.34583e-307;9.34583e-307;;;-6919.46;9.34583e-307;9.34583e-307
05/07/2023 16:49:31:282;346.266;1.60219e-306;1.60219e-306;;;-19.9854;1.60219e-306;1.60219e-306;;;-6920.01;1.60219e-306;1.60219e-306
05/07/2023 16:49:31:286;346.266;7.56586e-307;7.56586e-307;;;-19.9854;7.56586e-307;7.56586e-307;;;-6920.01;7.56586e-307;7.56586e-307
05/07/2023 16:49:32:323;346.269;9.34606e-307;9.34606e-307;;;-19.9836;9.34606e-307;9.34606e-307;;;-6919.56;9.34606e-307;9.34606e-307
05/07/2023 16:49:32:326;346.269;1.33512e-306;1.33512e-306;;;-19.9836;1.33512e-306;1.33512e-306;;;-6919.56;1.33512e-306;1.33512e-306
05/07/2023 16:49:33:344;346.273;2.31418e-306;2.31418e-306;;;-19.985;2.31418e-306;2.31418e-306;;;-6920.12;2.31418e-306;2.31418e-306
05/07/2023 16:49:33:348;346.273;1.50199e-307;1.50199e-307;;;-19.985;1.50199e-307;1.50199e-307;;;-6920.12;1.50199e-307;1.50199e-307
05/07/2023 16:49:34:349;346.276;2.97749e-288;2.97749e-288;;;-19.9838;2.97749e-288;2.97749e-288;;;-6919.73;2.97749e-288;2.97749e-288
05/07/2023 16:49:34:354;346.276;4.7204e-288;4.7204e-288;;;-19.9838;4.7204e-288;4.7204e-288;;;-6919.73;4.7204e-288;4.7204e-288
05/07/2023 16:49:35:348;346.28;1.50284e-307;1.50284e-307;;;-19.9842;1.50284e-307;1.50284e-307;;;-6919.94;1.50284e-307;1.50284e-307
05/07/2023 16:49:35:354;346.28;3.18111e-288;3.18111e-288;;;-19.9842;3.18111e-288;3.18111e-288;;;-6919.94;3.18111e-288;3.18111e-288
05/07/2023 16:49:36:381;346.283;2.46442e-288;2.46442e-288;;;-19.9859;2.46442e-288;2.46442e-288;;;-6920.63;2.46442e-288;2.46442e-288
05/07/2023 16:49:36:384;346.283;2.46442e-288;2.46442e-288;;;-19.9859;2.46442e-288;2.46442e-288;;;-6920.63;2.46442e-288;2.46442e-288
05/07/2023 16:49:37:392;346.287;1.50283e-307;1.50283e-307;;;-19.984;1.50283e-307;1.50283e-307;;;-6920.04;1.50283e-307;1.50283e-307
05/07/2023 16:49:37:398;346.287;5.33931e-288;5.33931e-288;;;-19.984;5.33931e-288;5.33931e-288;;;-6920.04;5.33931e-288;5.33931e-288
05/07/2023 16:49:38:424;346.29;1.50284e-307;1.50284e-307;;;-19.9855;1.50284e-307;1.50284e-307;;;-6920.85;1.50284e-307;1.50284e-307
05/07/2023 16:49:38:427;346.29;2.97588e-288;2.97588e-288;;;-19.9855;2.97588e-288;2.97588e-288;;;-6920.85;2.97588e-288;2.97588e-288
05/07/2023 16:49:39:404;346.293;4.7204e-288;4.7204e-288;;;-19.9853;4.7204e-288;4.7204e-288;;;-6920.63;4.7204e-288;4.7204e-288
05/07/2023 16:49:39:405;346.293;1.61534e-231;1.61534e-231;;;-19.9853;1.61534e-231;1.61534e-231;;;-6920.63;1.61534e-231;1.61534e-231
05/07/2023 16:49:40:444;346.299;2.5766e-231;2.5766e-231;;;-19.9838;2.5766e-231;2.5766e-231;;;-6920.25;2.5766e-231;2.5766e-231
05/07/2023 16:49:40:448;346.299;5.47527e-231;5.47527e-231;;;-19.9838;5.47527e-231;5.47527e-231;;;-6920.25;5.47527e-231;5.47527e-231
05/07/2023 16:49:41:457;346.302;1.0004e-230;1.0004e-230;;;-19.9847;1.0004e-230;1.0004e-230;;;-6920.56;1.0004e-230;1.0004e-230
05/07/2023 16:49:41:460;346.302;1.2883e-231;1.2883e-231;;;-19.9847;1.2883e-231;1.2883e-231;;;-6920.56;1.2883e-231;1.2883e-231
05/07/2023 16:49:42:470;346.306;1.50545e-307;1.50545e-307;;;-19.9851;1.50545e-307;1.50545e-307;;;-6920.83;1.50545e-307;1.50545e-307
05/07/2023 16:49:42:474;346.306;1.69087e-231;1.69087e-231;;;-19.9851;1.69087e-231;1.69087e-231;;;-6920.83;1.69087e-231;1.69087e-231
05/07/2023 16:49:43:463;346.308;5.47527e-231;5.47527e-231;;;-19.984;5.47527e-231;5.47527e-231;;;-6920.59;5.47527e-231;5.47527e-231
05/07/2023 16:49:43:467;346.308;1.69087e-231;1.69087e-231;;;-19.984;1.69087e-231;1.69087e-231;;;-6920.59;1.69087e-231;1.69087e-231
05/07/2023 16:49:44:497;346.312;1.64191e-288;1.64191e-288;;;-19.9848;1.64191e-288;1.64191e-288;;;-6920.86;1.64191e-288;1.64191e-288
05/07/2023 16:49:44:500;346.312;1.50285e-307;1.50285e-307;;;-19.9848;1.50285e-307;1.50285e-307;;;-6920.86;1.50285e-307;1.50285e-307
05/07/2023 16:49:45:493;346.315;6.36543e-288;6.36543e-288;;;-19.986;6.36543e-288;6.36543e-288;;;-6921.37;6.36543e-288;6.36543e-288
05/07/2023 16:49:45:496;346.315;1.64352e-288;1.64352e-288;;;-19.986;1.64352e-288;1.64352e-288;;;-6921.37;1.64352e-288;1.64352e-288
05/07/2023 16:49:46:532;346.319;2.66963e-288;2.66963e-288;;;-19.9893;2.66963e-288;2.66963e-288;;;-6922.7;2.66963e-288;2.66963e-288
05/07/2023 16:49:46:536;346.319;2.66963e-288;2.66963e-288;;;-19.9893;2.66963e-288;2.66963e-288;;;-6922.7;2.66963e-288;2.66963e-288
05/07/2023 16:49:47:532;346.321;1.50283e-307;1.50283e-307;;;-19.9852;1.50283e-307;1.50283e-307;;;-6921.2;1.50283e-307;1.50283e-307
05/07/2023 16:49:47:536;346.321;3.18111e-288;3.18111e-288;;;-19.9852;3.18111e-288;3.18111e-288;;;-6921.2;3.18111e-288;3.18111e-288
05/07/2023 16:49:48:566;346.324;3.48904e-288;3.48904e-288;;;-19.9861;3.48904e-288;3.48904e-288;;;-6921.59;3.48904e-288;3.48904e-288
05/07/2023 16:49:48:569;346.324;1.50285e-307;1.50285e-307;;;-19.9861;1.50285e-307;1.50285e-307;;;-6921.59;1.50285e-307;1.50285e-307
05/07/2023 16:49:49:572;346.328;1.50285e-307;1.50285e-307;;;-19.9846;1.50285e-307;1.50285e-307;;;-6921.2;1.50285e-307;1.50285e-307
05/07/2023 16:49:49:576;346.328;1.97709e-194;1.97709e-194;;;-19.9846;1.97709e-194;1.97709e-194;;;-6921.2;1.97709e-194;1.97709e-194
05/07/2023 16:49:50:604;346.331;3.65866e-195;3.65866e-195;;;-19.9845;3.65866e-195;3.65866e-195;;;-6921.24;3.65866e-195;3.65866e-195
05/07/2023 16:49:50:607;346.331;1.50705e-307;1.50705e-307;;;-19.9845;1.50705e-307;1.50705e-307;;;-6921.24;1.50705e-307;1.50705e-307
05/07/2023 16:49:51:601;346.335;6.88887e-195;6.88887e-195;;;-19.985;6.88887e-195;6.88887e-195;;;-6921.43;6.88887e-195;6.88887e-195
05/07/2023 16:49:51:604;346.335;6.63555e-195;6.63555e-195;;;-19.985;6.63555e-195;6.63555e-195;;;-6921.43;6.63555e-195;6.63555e-195
05/07/2023 16:49:52:644;346.337;1.97709e-194;1.97709e-194;;;-19.9854;1.97709e-194;1.97709e-194;;;-6921.57;1.97709e-194;1.97709e-194
05/07/2023 16:49:52:650;346.337;3.65866e-195;3.65866e-195;;;-19.9854;3.65866e-195;3.65866e-195;;;-6921.57;3.65866e-195;3.65866e-195
05/07/2023 16:49:53:631;346.34;1.50705e-307;1.50705e-307;;;-19.9845;1.50705e-307;1.50705e-307;;;-6921.45;1.50705e-307;1.50705e-307
05/07/2023 16:49:53:634;346.34;6.88887e-195;6.88887e-195;;;-19.9845;6.88887e-195;6.88887e-195;;;-6921.45;6.88887e-195;6.88887e-195
05/07/2023 16:49:54:660;346.344;6.63555e-195;6.63555e-195;;;-19.9869;6.63555e-195;6.63555e-195;;;-6922.39;6.63555e-195;6.63555e-195
05/07/2023 16:49:54:663;346.344;5.58502e-195;5.58502e-195;;;-19.9869;5.58502e-195;5.58502e-195;;;-6922.39;5.58502e-195;5.58502e-195
05/07/2023 16:49:55:684;346.346;1.50706e-307;1.50706e-307;;;-19.9841;1.50706e-307;1.50706e-307;;;-6921.5;1.50706e-307;1.50706e-307
05/07/2023 16:49:55:687;346.346;1.50706e-307;1.50706e-307;;;-19.9841;1.50706e-307;1.50706e-307;;;-6921.5;1.50706e-307;1.50706e-307
05/07/2023 16:49:56:694;346.35;1.50705e-307;1.50705e-307;;;-19.9851;1.50705e-307;1.50705e-307;;;-6921.88;1.50705e-307;1.50705e-307
05/07/2023 16:49:56:697;346.35;2.15032e-195;2.15032e-195;;;-19.9851;2.15032e-195;2.15032e-195;;;-6921.88;2.15032e-195;2.15032e-195
05/07/2023 16:49:57:697;346.353;3.87263e-195;3.87263e-195;;;-19.9872;3.87263e-195;3.87263e-195;;;-6922.69;3.87263e-195;3.87263e-195
05/07/2023 16:49:57:700;346.353;4.30079e-195;4.30079e-195;;;-19.9872;4.30079e-195;4.30079e-195;;;-6922.69;4.30079e-195;4.30079e-195
05/07/2023 16:49:58:723;346.357;6.1959e-194;6.1959e-194;;;-19.9842;6.1959e-194;6.1959e-194;;;-6921.78;6.1959e-194;6.1959e-194
05/07/2023 16:49:58:726;346.357;8.9007e-307;8.9007e-307;;;-19.9842;8.9007e-307;8.9007e-307;;;-6921.78;8.9007e-307;8.9007e-307
05/07/2023 16:49:59:710;346.36;8.9007e-307;8.9007e-307;;;-19.9843;8.9007e-307;8.9007e-307;;;-6921.9;8.9007e-307;8.9007e-307
05/07/2023 16:49:59:713;346.36;8.9007e-307;8.9007e-307;;;-19.9843;8.9007e-307;8.9007e-307;;;-6921.9;8.9007e-307;8.9007e-307
05/07/2023 16:50:00:760;346.364;8.9007e-307;8.9007e-307;;;-19.9853;8.9007e-307;8.9007e-307;;;-6922.36;8.9007e-307;8.9007e-307
05/07/2023 16:50:00:763;346.364;9.34605e-307;9.34605e-307;;;-19.9853;9.34605e-307;9.34605e-307;;;-6922.36;9.34605e-307;9.34605e-307
05/07/2023 16:50:01:766;346.367;1.24611e-306;1.24611e-306;;;-19.9858;1.24611e-306;1.24611e-306;;;-6922.5;1.24611e-306;1.24611e-306
05/07/2023 16:50:01:769;346.367;7.56599e-307;7.56599e-307;;;-19.9858;7.56599e-307;7.56599e-307;;;-6922.5;7.56599e-307;7.56599e-307
05/07/2023 16:50:02:780;346.37;9.34605e-307;9.34605e-307;;;-19.9852;9.34605e-307;9.34605e-307;;;-6922.41;9.34605e-307;9.34605e-307
05/07/2023 16:50:02:782;346.37;1.15711e-306;1.15711e-306;;;-19.9852;1.15711e-306;1.15711e-306;;;-6922.41;1.15711e-306;1.15711e-306
05/07/2023 16:50:03:773;346.374;9.34611e-307;9.34611e-307;;;-19.9841;9.34611e-307;9.34611e-307;;;-6922.06;9.34611e-307;9.34611e-307
05/07/2023 16:50:03:776;346.374;1.1126e-306;1.1126e-306;;;-19.9841;1.1126e-306;1.1126e-306;;;-6922.06;1.1126e-306;1.1126e-306
05/07/2023 16:50:04:822;346.377;8.9007e-307;8.9007e-307;;;-19.9862;8.9007e-307;8.9007e-307;;;-6922.86;8.9007e-307;8.9007e-307
05/07/2023 16:50:04:826;346.377;1.50202e-307;1.50202e-307;;;-19.9862;1.50202e-307;1.50202e-307;;;-6922.86;1.50202e-307;1.50202e-307
05/07/2023 16:50:05:842;346.381;1.9582e-306;1.9582e-306;;;-19.9859;1.9582e-306;1.9582e-306;;;-6922.87;1.9582e-306;1.9582e-306
05/07/2023 16:50:05:845;346.381;4.10125e+98;4.10125e+98;;;-19.9859;4.10125e+98;4.10125e+98;;;-6922.87;4.10125e+98;4.10125e+98
05/07/2023 16:50:06:846;346.384;1.51888e-307;1.51888e-307;;;-19.9847;1.51888e-307;1.51888e-307;;;-6922.44;1.51888e-307;1.51888e-307
05/07/2023 16:50:06:849;346.384;1.78056e+84;1.78056e+84;;;-19.9847;1.78056e+84;1.78056e+84;;;-6922.44;1.78056e+84;1.78056e+84
05/07/2023 16:50:07:854;346.388;5.52774e+67;5.52774e+67;;;-19.9848;5.52774e+67;5.52774e+67;;;-6922.62;5.52774e+67;5.52774e+67
05/07/2023 16:50:07:858;346.388;8.56073e+67;8.56073e+67;;;-19.9848;8.56073e+67;8.56073e+67;;;-6922.62;8.56073e+67;8.56073e+67
05/07/2023 16:50:08:871;346.392;3.52038e+70;3.52038e+70;;;-19.985;3.52038e+70;3.52038e+70;;;-6922.74;3.52038e+70;3.52038e+70
05/07/2023 16:50:08:875;346.392;5.39229e+67;5.39229e+67;;;-19.985;5.39229e+67;5.39229e+67;;;-6922.74;5.39229e+67;5.39229e+67
05/07/2023 16:50:09:905;346.396;3.45103e+70;3.45103e+70;;;-19.985;3.45103e+70;3.45103e+70;;;-6922.8;3.45103e+70;3.45103e+70
05/07/2023 16:50:09:910;346.396;5.5818e+67;5.5818e+67;;;-19.985;5.5818e+67;5.5818e+67;;;-6922.8;5.5818e+67;5.5818e+67
05/07/2023 16:50:10:938;346.4;-1.09505e-230;-1.09505e-230;;;-19.9854;-1.09505e-230;-1.09505e-230;;;-6923.07;-1.09505e-230;-1.09505e-230
05/07/2023 16:50:10:943;346.4;1.51962e-307;1.51962e-307;;;-19.9854;1.51962e-307;1.51962e-307;;;-6923.07;1.51962e-307;1.51962e-307
05/07/2023 16:50:11:938;346.404;1.50202e-307;1.50202e-307;;;-19.9853;1.50202e-307;1.50202e-307;;;-6923;1.50202e-307;1.50202e-307
05/07/2023 16:50:11:941;346.404;1.50201e-307;1.50201e-307;;;-19.9853;1.50201e-307;1.50201e-307;;;-6923;1.50201e-307;1.50201e-307
05/07/2023 16:50:12:980;346.409;1.50202e-307;1.50202e-307;;;-19.9851;1.50202e-307;1.50202e-307;;;-6923.14;1.50202e-307;1.50202e-307
05/07/2023 16:50:12:984;346.409;1.15711e-306;1.15711e-306;;;-19.9851;1.15711e-306;1.15711e-306;;;-6923.14;1.15711e-306;1.15711e-306
05/07/2023 16:50:13:980;346.412;1.33512e-306;1.33512e-306;;;-19.9853;1.33512e-306;1.33512e-306;;;-6923.21;1.33512e-306;1.33512e-306
05/07/2023 16:50:13:984;346.412;1.20161e-306;1.20161e-306;;;-19.9853;1.20161e-306;1.20161e-306;;;-6923.21;1.20161e-306;1.20161e-306
05/07/2023 16:50:15:005;346.417;1.50202e-307;1.50202e-307;;;-19.9851;1.50202e-307;1.50202e-307;;;-6923.17;1.50202e-307;1.50202e-307
05/07/2023 16:50:15:009;346.417;1.50201e-307;1.50201e-307;;;-19.9851;1.50201e-307;1.50201e-307;;;-6923.17;1.50201e-307;1.50201e-307
05/07/2023 16:50:16:019;346.423;1.20161e-306;1.20161e-306;;;-19.9857;1.20161e-306;1.20161e-306;;;-6923.57;1.20161e-306;1.20161e-306
05/07/2023 16:50:16:022;346.423;1.69114e-306;1.69114e-306;;;-19.9857;1.69114e-306;1.69114e-306;;;-6923.57;1.69114e-306;1.69114e-306
05/07/2023 16:50:17:040;346.427;1.50202e-307;1.50202e-307;;;-19.986;1.50202e-307;1.50202e-307;;;-6923.71;1.50202e-307;1.50202e-307
05/07/2023 16:50:17:045;346.427;1.50215e-307;1.50215e-307;;;-19.986;1.50215e-307;1.50215e-307;;;-6923.71;1.50215e-307;1.50215e-307
05/07/2023 16:50:18:043;346.431;1.50199e-307;1.50199e-307;;;-19.9872;1.50199e-307;1.50199e-307;;;-6924.17;1.50199e-307;1.50199e-307
05/07/2023 16:50:18:046;346.431;1.50199e-307;1.50199e-307;;;-19.9872;1.50199e-307;1.50199e-307;;;-6924.17;1.50199e-307;1.50199e-307
05/07/2023 16:50:19:065;346.436;1.50202e-307;1.50202e-307;;;-19.985;1.50202e-307;1.50202e-307;;;-6923.52;1.50202e-307;1.50202e-307
05/07/2023 16:50:19:069;346.436;1.78042e-306;1.78042e-306;;;-19.985;1.78042e-306;1.78042e-306;;;-6923.52;1.78042e-306;1.78042e-306
05/07/2023 16:50:20:053;346.44;1.33508e-306;1.33508e-306;;;-19.9863;1.33508e-306;1.33508e-306;;;-6924.05;1.33508e-306;1.33508e-306
05/07/2023 16:50:20:056;346.44;1.37962e-306;1.37962e-306;;;-19.9863;1.37962e-306;1.37962e-306;;;-6924.05;1.37962e-306;1.37962e-306
05/07/2023 16:50:21:105;346.444;1.7804e-306;1.7804e-306;;;-19.985;1.7804e-306;1.7804e-306;;;-6923.59;1.7804e-306;1.7804e-306
05/07/2023 16:50:21:108;346.444;9.34765e-307;9.34765e-307;;;-19.985;9.34765e-307;9.34765e-307;;;-6923.59;9.34765e-307;9.34765e-307
05/07/2023 16:50:22:101;346.448;1.78021e-306;1.78021e-306;;;-19.985;1.78021e-306;1.78021e-306;;;-6923.78;1.78021e-306;1.78021e-306
05/07/2023 16:50:22:107;346.448;1.20161e-306;1.20161e-306;;;-19.985;1.20161e-306;1.20161e-306;;;-6923.78;1.20161e-306;1.20161e-306
05/07/2023 16:50:23:125;346.452;1.50201e-307;1.50201e-307;;;-19.9895;1.50201e-307;1.50201e-307;;;-6925.24;1.50201e-307;1.50201e-307
05/07/2023 16:50:23:128;346.452;1.502e-307;1.502e-307;;;-19.9895;1.502e-307;1.502e-307;;;-6925.24;1.502e-307;1.502e-307
05/07/2023 16:50:24:131;346.456;5.46874e-304;5.46874e-304;;;-19.9853;5.46874e-304;5.46874e-304;;;-6923.99;5.46874e-304;5.46874e-304
05/07/2023 16:50:24:134;346.456;1.11262e-306;1.11262e-306;;;-19.9853;1.11262e-306;1.11262e-306;;;-6923.99;1.11262e-306;1.11262e-306
05/07/2023 16:50:25:161;346.459;1.37962e-306;1.37962e-306;;;-19.9854;1.37962e-306;1.37962e-306;;;-6924.07;1.37962e-306;1.37962e-306
05/07/2023 16:50:25:164;346.459;5.46872e-304;5.46872e-304;;;-19.9854;5.46872e-304;5.46872e-304;;;-6924.07;5.46872e-304;5.46872e-304
05/07/2023 16:50:26:167;346.464;1.0236e-306;1.0236e-306;;;-19.9844;1.0236e-306;1.0236e-306;;;-6923.83;1.0236e-306;1.0236e-306
05/07/2023 16:50:26:170;346.464;1.50201e-307;1.50201e-307;;;-19.9844;1.50201e-307;1.50201e-307;;;-6923.83;1.50201e-307;1.50201e-307
05/07/2023 16:50:27:197;346.47;1.50201e-307;1.50201e-307;;;-19.9859;1.50201e-307;1.50201e-307;;;-6924.41;1.50201e-307;1.50201e-307
05/07/2023 16:50:27:203;346.47;1.78014e-306;1.78014e-306;;;-19.9859;1.78014e-306;1.78014e-306;;;-6924.41;1.78014e-306;1.78014e-306
05/07/2023 16:50:28:201;346.473;9.79073e-307;9.79073e-307;;;-19.9864;9.79073e-307;9.79073e-307;;;-6924.67;9.79073e-307;9.79073e-307
05/07/2023 16:50:28:204;346.473;5.46872e-304;5.46872e-304;;;-19.9864;5.46872e-304;5.46872e-304;;;-6924.67;5.46872e-304;5.46872e-304
05/07/2023 16:50:29:221;346.477;3.22646e-307;3.22646e-307;;;-19.9867;3.22646e-307;3.22646e-307;;;-6924.8;3.22646e-307;3.22646e-307
05/07/2023 16:50:29:226;346.477;2.44768e-307;2.44768e-307;;;-19.9867;2.44768e-307;2.44768e-307;;;-6924.8;2.44768e-307;2.44768e-307
05/07/2023 16:50:30:236;346.48;1.50196e-307;1.50196e-307;;;-19.987;1.50196e-307;1.50196e-307;;;-6924.86;1.50196e-307;1.50196e-307
05/07/2023 16:50:30:239;346.48;1.6022e-306;1.6022e-306;;;-19.987;1.6022e-306;1.6022e-306;;;-6924.86;1.6022e-306;1.6022e-306
05/07/2023 16:50:31:256;346.484;1.78014e-306;1.78014e-306;;;-19.9868;1.78014e-306;1.78014e-306;;;-6924.89;1.78014e-306;1.78014e-306
05/07/2023 16:50:31:259;346.484;8.34446e-308;8.34446e-308;;;-19.9868;8.34446e-308;8.34446e-308;;;-6924.89;8.34446e-308;8.34446e-308
05/07/2023 16:50:32:263;346.49;1.37963e-306;1.37963e-306;;;-19.9856;1.37963e-306;1.37963e-306;;;-6924.64;1.37963e-306;1.37963e-306
05/07/2023 16:50:32:266;346.49;2.04715e-306;2.04715e-306;;;-19.9856;2.04715e-306;2.04715e-306;;;-6924.64;2.04715e-306;2.04715e-306
05/07/2023 16:50:33:290;346.493;1.50202e-307;1.50202e-307;;;-19.9854;1.50202e-307;1.50202e-307;;;-6924.65;1.50202e-307;1.50202e-307
05/07/2023 16:50:33:293;346.493;7.56593e-307;7.56593e-307;;;-19.9854;7.56593e-307;7.56593e-307;;;-6924.65;7.56593e-307;7.56593e-307
05/07/2023 16:50:34:309;346.497;7.56593e-307;7.56593e-307;;;-19.9854;7.56593e-307;7.56593e-307;;;-6924.72;7.56593e-307;7.56593e-307
05/07/2023 16:50:34:313;346.497;7.56593e-307;7.56593e-307;;;-19.9854;7.56593e-307;7.56593e-307;;;-6924.72;7.56593e-307;7.56593e-307
05/07/2023 16:50:35:322;346.501;8.90108e-307;8.90108e-307;;;-19.9861;8.90108e-307;8.90108e-307;;;-6924.92;8.90108e-307;8.90108e-307
05/07/2023 16:50:35:325;346.501;9.34599e-307;9.34599e-307;;;-19.9861;9.34599e-307;9.34599e-307;;;-6924.92;9.34599e-307;9.34599e-307
05/07/2023 16:50:36:332;346.505;1.11261e-306;1.11261e-306;;;-19.9859;1.11261e-306;1.11261e-306;;;-6924.96;1.11261e-306;1.11261e-306
05/07/2023 16:50:36:334;346.505;1.78019e-306;1.78019e-306;;;-19.9859;1.78019e-306;1.78019e-306;;;-6924.96;1.78019e-306;1.78019e-306
05/07/2023 16:50:37:342;346.51;1.502e-307;1.502e-307;;;-19.9853;1.502e-307;1.502e-307;;;-6924.91;1.502e-307;1.502e-307
05/07/2023 16:50:37:345;346.51;1.50198e-307;1.50198e-307;;;-19.9853;1.50198e-307;1.50198e-307;;;-6924.91;1.50198e-307;1.50198e-307
05/07/2023 16:50:38:334;346.513;1.50196e-307;1.50196e-307;;;-19.9863;1.50196e-307;1.50196e-307;;;-6925.34;1.50196e-307;1.50196e-307
05/07/2023 16:50:38:336;346.513;5.11787e-307;5.11787e-307;;;-19.9863;5.11787e-307;5.11787e-307;;;-6925.34;5.11787e-307;5.11787e-307
05/07/2023 16:50:39:368;346.516;8.34432e-308;8.34432e-308;;;-19.9866;8.34432e-308;8.34432e-308;;;-6925.44;8.34432e-308;8.34432e-308
05/07/2023 16:50:39:374;346.516;1.33512e-306;1.33512e-306;;;-19.9866;1.33512e-306;1.33512e-306;;;-6925.44;1.33512e-306;1.33512e-306
05/07/2023 16:50:40:378;346.521;4.45035e-307;4.45035e-307;;;-19.9861;4.45035e-307;4.45035e-307;;;-6925.31;4.45035e-307;4.45035e-307
05/07/2023 16:50:40:381;346.521;8.34445e-308;8.34445e-308;;;-19.9861;8.34445e-308;8.34445e-308;;;-6925.31;8.34445e-308;8.34445e-308
05/07/2023 16:50:41:414;346.526;1.60215e-306;1.60215e-306;;;-19.9865;1.60215e-306;1.60215e-306;;;-6925.56;1.60215e-306;1.60215e-306
05/07/2023 16:50:41:420;346.526;1.50196e-307;1.50196e-307;;;-19.9865;1.50196e-307;1.50196e-307;;;-6925.56;1.50196e-307;1.50196e-307
05/07/2023 16:50:42:421;346.529;7.56599e-307;7.56599e-307;;;-19.9888;7.56599e-307;7.56599e-307;;;-6926.59;7.56599e-307;7.56599e-307
05/07/2023 16:50:42:424;346.529;1.95815e-306;1.95815e-306;;;-19.9888;1.95815e-306;1.95815e-306;;;-6926.59;1.95815e-306;1.95815e-306
05/07/2023 16:50:43:444;346.533;1.29061e-306;1.29061e-306;;;-19.9855;1.29061e-306;1.29061e-306;;;-6925.38;1.29061e-306;1.29061e-306
05/07/2023 16:50:43:447;346.533;1.33512e-306;1.33512e-306;;;-19.9855;1.33512e-306;1.33512e-306;;;-6925.38;1.33512e-306;1.33512e-306
05/07/2023 16:50:44:466;346.537;1.37961e-306;1.37961e-306;;;-19.9874;1.37961e-306;1.37961e-306;;;-6926;1.37961e-306;1.37961e-306
05/07/2023 16:50:44:470;346.537;8.90098e-307;8.90098e-307;;;-19.9874;8.90098e-307;8.90098e-307;;;-6926;8.90098e-307;8.90098e-307
05/07/2023 16:50:45:471;346.54;1.50202e-307;1.50202e-307;;;-19.9884;1.50202e-307;1.50202e-307;;;-6926.38;1.50202e-307;1.50202e-307
05/07/2023 16:50:45:474;346.54;1.37961e-306;1.37961e-306;;;-19.9884;1.37961e-306;1.37961e-306;;;-6926.38;1.37961e-306;1.37961e-306
05/07/2023 16:50:46:459;346.544;1.50202e-307;1.50202e-307;;;-19.9859;1.50202e-307;1.50202e-307;;;-6925.66;1.50202e-307;1.50202e-307
05/07/2023 16:50:46:461;346.544;1.50199e-307;1.50199e-307;;;-19.9859;1.50199e-307;1.50199e-307;;;-6925.66;1.50199e-307;1.50199e-307
05/07/2023 16:50:47:505;346.548;1.50199e-307;1.50199e-307;;;-19.9867;1.50199e-307;1.50199e-307;;;-6926.01;1.50199e-307;1.50199e-307
05/07/2023 16:50:47:510;346.548;1.50199e-307;1.50199e-307;;;-19.9867;1.50199e-307;1.50199e-307;;;-6926.01;1.50199e-307;1.50199e-307
05/07/2023 16:50:48:506;346.553;7.56596e-307;7.56596e-307;;;-19.9875;7.56596e-307;7.56596e-307;;;-6926.33;7.56596e-307;7.56596e-307
05/07/2023 16:50:48:509;346.553;1.29062e-306;1.29062e-306;;;-19.9875;1.29062e-306;1.29062e-306;;;-6926.33;1.29062e-306;1.29062e-306
05/07/2023 16:50:49:546;346.558;1.78014e-306;1.78014e-306;;;-19.9864;1.78014e-306;1.78014e-306;;;-6926.43;1.78014e-306;1.78014e-306
05/07/2023 16:50:49:551;346.558;1.9582e-306;1.9582e-306;;;-19.9864;1.9582e-306;1.9582e-306;;;-6926.43;1.9582e-306;1.9582e-306
05/07/2023 16:50:50:539;346.56;2.27867e-304;2.27867e-304;;;-19.9864;2.27867e-304;2.27867e-304;;;-6926.54;2.27867e-304;2.27867e-304
05/07/2023 16:50:50:542;346.56;7.56597e-307;7.56597e-307;;;-19.9864;7.56597e-307;7.56597e-307;;;-6926.54;7.56597e-307;7.56597e-307
05/07/2023 16:50:51:563;346.567;9.346e-307;9.346e-307;;;-19.9852;9.346e-307;9.346e-307;;;-6925.77;9.346e-307;9.346e-307
05/07/2023 16:50:51:569;346.567;2.27867e-304;2.27867e-304;;;-19.9852;2.27867e-304;2.27867e-304;;;-6925.77;2.27867e-304;2.27867e-304
05/07/2023 16:50:52:566;346.57;1.29058e-306;1.29058e-306;;;-19.9892;1.29058e-306;1.29058e-306;;;-6927.27;1.29058e-306;1.29058e-306
05/07/2023 16:50:52:571;346.57;1.29058e-306;1.29058e-306;;;-19.9892;1.29058e-306;1.29058e-306;;;-6927.27;1.29058e-306;1.29058e-306
05/07/2023 16:50:53:611;346.574;9.79073e-307;9.79073e-307;;;-19.9856;9.79073e-307;9.79073e-307;;;-6926.03;9.79073e-307;9.79073e-307
05/07/2023 16:50:53:614;346.574;1.69114e-306;1.69114e-306;;;-19.9856;1.69114e-306;1.69114e-306;;;-6926.03;1.69114e-306;1.69114e-306
05/07/2023 16:50:54:609;346.578;1.8692e-306;1.8692e-306;;;-19.9874;1.8692e-306;1.8692e-306;;;-6926.78;1.8692e-306;1.8692e-306
05/07/2023 16:50:54:614;346.578;7.56593e-307;7.56593e-307;;;-19.9874;7.56593e-307;7.56593e-307;;;-6926.78;7.56593e-307;7.56593e-307
05/07/2023 16:50:55:641;346.582;8.90108e-307;8.90108e-307;;;-19.9856;8.90108e-307;8.90108e-307;;;-6926.21;8.90108e-307;8.90108e-307
05/07/2023 16:50:55:644;346.582;1.20161e-306;1.20161e-306;;;-19.9856;1.20161e-306;1.20161e-306;;;-6926.21;1.20161e-306;1.20161e-306
05/07/2023 16:50:56:644;346.586;1.06808e-306;1.06808e-306;;;-19.9862;1.06808e-306;1.06808e-306;;;-6926.53;1.06808e-306;1.06808e-306
05/07/2023 16:50:56:648;346.586;1.50202e-307;1.50202e-307;;;-19.9862;1.50202e-307;1.50202e-307;;;-6926.53;1.50202e-307;1.50202e-307
05/07/2023 16:50:57:680;346.59;8.90095e-307;8.90095e-307;;;-19.9854;8.90095e-307;8.90095e-307;;;-6926.28;8.90095e-307;8.90095e-307
05/07/2023 16:50:57:684;346.59;2.22521e-306;2.22521e-306;;;-19.9854;2.22521e-306;2.22521e-306;;;-6926.28;2.22521e-306;2.22521e-306
05/07/2023 16:50:58:690;346.594;1.60221e-306;1.60221e-306;;;-19.985;1.60221e-306;1.60221e-306;;;-6926.25;1.60221e-306;1.60221e-306
05/07/2023 16:50:58:693;346.594;3.22646e-307;3.22646e-307;;;-19.985;3.22646e-307;3.22646e-307;;;-6926.25;3.22646e-307;3.22646e-307
05/07/2023 16:50:59:691;346.598;1.69114e-306;1.69114e-306;;;-19.9856;1.69114e-306;1.69114e-306;;;-6926.55;1.69114e-306;1.69114e-306
05/07/2023 16:50:59:696;346.598;8.34449e-308;8.34449e-308;;;-19.9856;8.34449e-308;8.34449e-308;;;-6926.55;8.34449e-308;8.34449e-308
05/07/2023 16:51:00:720;346.595;1.11261e-306;1.11261e-306;;;-4.1888;1.11261e-306;1.11261e-306;;;-1144.09;1.11261e-306;1.11261e-306
05/07/2023 16:51:00:723;346.595;1.50196e-307;1.50196e-307;;;-4.1888;1.50196e-307;1.50196e-307;;;-1144.09;1.50196e-307;1.50196e-307
05/07/2023 16:51:01:726;346.602;2.22521e-306;2.22521e-306;;;0.0888715;2.22521e-306;2.22521e-306;;;30.7914;2.22521e-306;2.22521e-306
05/07/2023 16:51:01:727;346.602;1.50201e-307;1.50201e-307;;;0.0888715;1.50201e-307;1.50201e-307;;;30.7914;1.50201e-307;1.50201e-307
05/07/2023 16:51:02:736;346.603;1.37962e-306;1.37962e-306;;;0.0898951;1.37962e-306;1.37962e-306;;;31.1995;1.37962e-306;1.37962e-306
05/07/2023 16:51:02:740;346.603;1.69114e-306;1.69114e-306;;;0.0898951;1.69114e-306;1.69114e-306;;;31.1995;1.69114e-306;1.69114e-306
05/07/2023 16:51:03:760;346.602;1.1126e-306;1.1126e-306;;;0.0902796;1.1126e-306;1.1126e-306;;;31.3147;1.1126e-306;1.1126e-306
05/07/2023 16:51:03:763;346.602;1.78021e-306;1.78021e-306;;;0.0902796;1.78021e-306;1.78021e-306;;;31.3147;1.78021e-306;1.78021e-306
05/07/2023 16:51:04:763;346.603;1.78022e-306;1.78022e-306;;;0.089558;1.78022e-306;1.78022e-306;;;31.0501;1.78022e-306;1.78022e-306
05/07/2023 16:51:04:766;346.603;1.11261e-306;1.11261e-306;;;0.089558;1.11261e-306;1.11261e-306;;;31.0501;1.11261e-306;1.11261e-306
05/07/2023 16:51:05:786;346.603;1.78014e-306;1.78014e-306;;;0.0889383;1.78014e-306;1.78014e-306;;;30.9172;1.78014e-306;1.78014e-306
05/07/2023 16:51:05:789;346.603;1.42413e-306;1.42413e-306;;;0.0889383;1.42413e-306;1.42413e-306;;;30.9172;1.42413e-306;1.42413e-306
05/07/2023 16:51:06:790;346.601;1.1126e-306;1.1126e-306;;;0.0885268;1.1126e-306;1.1126e-306;;;30.7378;1.1126e-306;1.1126e-306
05/07/2023 16:51:06:795;346.601;7.56604e-307;7.56604e-307;;;0.0885268;7.56604e-307;7.56604e-307;;;30.7378;7.56604e-307;7.56604e-307
05/07/2023 16:51:07:812;346.602;1.502e-307;1.502e-307;;;0.0883577;1.502e-307;1.502e-307;;;30.5961;1.502e-307;1.502e-307
05/07/2023 16:51:07:815;346.602;1.50199e-307;1.50199e-307;;;0.0883577;1.50199e-307;1.50199e-307;;;30.5961;1.50199e-307;1.50199e-307
05/07/2023 16:51:08:806;346.601;7.56604e-307;7.56604e-307;;;0.0904801;7.56604e-307;7.56604e-307;;;31.3636;7.56604e-307;7.56604e-307
05/07/2023 16:51:08:809;346.601;1.33511e-306;1.33511e-306;;;0.0904801;1.33511e-306;1.33511e-306;;;31.3636;1.33511e-306;1.33511e-306
05/07/2023 16:51:09:838;346.601;1.50201e-307;1.50201e-307;;;0.0894104;1.50201e-307;1.50201e-307;;;30.9817;1.50201e-307;1.50201e-307
05/07/2023 16:51:09:842;346.601;1.33512e-306;1.33512e-306;;;0.0894104;1.33512e-306;1.33512e-306;;;30.9817;1.33512e-306;1.33512e-306
05/07/2023 16:51:10:834;346.602;1.95821e-306;1.95821e-306;;;0.0896639;1.95821e-306;1.95821e-306;;;31.1289;1.95821e-306;1.95821e-306
05/07/2023 16:51:10:836;346.602;1.50201e-307;1.50201e-307;;;0.0896639;1.50201e-307;1.50201e-307;;;31.1289;1.50201e-307;1.50201e-307
05/07/2023 16:51:11:881;346.602;1.33512e-306;1.33512e-306;;;0.0903387;1.33512e-306;1.33512e-306;;;31.2909;1.33512e-306;1.33512e-306
05/07/2023 16:51:11:884;346.602;1.33511e-306;1.33511e-306;;;0.0903387;1.33511e-306;1.33511e-306;;;31.2909;1.33511e-306;1.33511e-306
05/07/2023 16:51:12:890;346.602;7.56598e-307;7.56598e-307;;;0.0878791;7.56598e-307;7.56598e-307;;;30.5307;7.56598e-307;7.56598e-307
05/07/2023 16:51:12:892;346.602;7.566e-307;7.566e-307;;;0.0878791;7.566e-307;7.566e-307;;;30.5307;7.566e-307;7.566e-307
05/07/2023 16:51:13:907;346.602;1.86921e-306;1.86921e-306;;;0.0893172;1.86921e-306;1.86921e-306;;;30.9748;1.86921e-306;1.86921e-306
05/07/2023 16:51:13:911;346.602;1.50196e-307;1.50196e-307;;;0.0893172;1.50196e-307;1.50196e-307;;;30.9748;1.50196e-307;1.50196e-307
05/07/2023 16:51:14:895;346.602;1.8692e-306;1.8692e-306;;;0.0893855;1.8692e-306;1.8692e-306;;;30.9381;1.8692e-306;1.8692e-306
05/07/2023 16:51:14:898;346.602;1.69114e-306;1.69114e-306;;;0.0893855;1.69114e-306;1.69114e-306;;;30.9381;1.69114e-306;1.69114e-306
05/07/2023 16:51:15:946;346.6;7.56599e-307;7.56599e-307;;;0.0896547;7.56599e-307;7.56599e-307;;;31.0929;7.56599e-307;7.56599e-307
05/07/2023 16:51:15:948;346.6;1.33512e-306;1.33512e-306;;;0.0896547;1.33512e-306;1.33512e-306;;;31.0929;1.33512e-306;1.33512e-306
05/07/2023 16:51:16:947;346.601;1.1126e-306;1.1126e-306;;;0.0895283;1.1126e-306;1.1126e-306;;;30.9848;1.1126e-306;1.1126e-306
05/07/2023 16:51:16:950;346.601;8.90098e-307;8.90098e-307;;;0.0895283;8.90098e-307;8.90098e-307;;;30.9848;8.90098e-307;8.90098e-307
05/07/2023 16:51:17:982;346.601;1.50201e-307;1.50201e-307;;;0.0894677;1.50201e-307;1.50201e-307;;;31.0069;1.50201e-307;1.50201e-307
05/07/2023 16:51:17:986;346.601;1.1126e-306;1.1126e-306;;;0.0894677;1.1126e-306;1.1126e-306;;;31.0069;1.1126e-306;1.1126e-306
05/07/2023 16:51:18:979;346.602;1.50201e-307;1.50201e-307;;;0.0895701;1.50201e-307;1.50201e-307;;;31.0968;1.50201e-307;1.50201e-307
05/07/2023 16:51:18:982;346.602;1.50199e-307;1.50199e-307;;;0.0895701;1.50199e-307;1.50199e-307;;;31.0968;1.50199e-307;1.50199e-307
05/07/2023 16:51:19:994;346.601;1.11262e-306;1.11262e-306;;;0.089262;1.11262e-306;1.11262e-306;;;31.028;1.11262e-306;1.11262e-306
05/07/2023 16:51:19:999;346.601;2.04715e-306;2.04715e-306;;;0.089262;2.04715e-306;2.04715e-306;;;31.028;2.04715e-306;2.04715e-306
05/07/2023 16:51:21:000;346.601;1.50202e-307;1.50202e-307;;;0.0893523;1.50202e-307;1.50202e-307;;;30.9929;1.50202e-307;1.50202e-307
05/07/2023 16:51:21:003;346.601;1.33512e-306;1.33512e-306;;;0.0893523;1.33512e-306;1.33512e-306;;;30.9929;1.33512e-306;1.33512e-306
05/07/2023 16:51:22:052;346.601;1.11261e-306;1.11261e-306;;;0.0880551;1.11261e-306;1.11261e-306;;;30.5523;1.11261e-306;1.11261e-306
05/07/2023 16:51:22:055;346.601;1.11261e-306;1.11261e-306;;;0.0880551;1.11261e-306;1.11261e-306;;;30.5523;1.11261e-306;1.11261e-306
05/07/2023 16:51:23:055;346.601;9.34599e-307;9.34599e-307;;;0.0898484;9.34599e-307;9.34599e-307;;;31.1443;9.34599e-307;9.34599e-307
05/07/2023 16:51:23:058;346.601;1.60219e-306;1.60219e-306;;;0.0898484;1.60219e-306;1.60219e-306;;;31.1443;1.60219e-306;1.60219e-306
05/07/2023 16:51:24:065;346.602;9.34608e-307;9.34608e-307;;;0.0875573;9.34608e-307;9.34608e-307;;;30.4488;9.34608e-307;9.34608e-307
05/07/2023 16:51:24:068;346.602;1.33512e-306;1.33512e-306;;;0.0875573;1.33512e-306;1.33512e-306;;;30.4488;1.33512e-306;1.33512e-306
05/07/2023 16:51:25:061;346.601;3.11528e-307;3.11528e-307;;;0.0901657;3.11528e-307;3.11528e-307;;;31.2875;3.11528e-307;3.11528e-307
05/07/2023 16:51:25:063;346.601;2.114e-307;2.114e-307;;;0.0901657;2.114e-307;2.114e-307;;;31.2875;2.114e-307;2.114e-307
05/07/2023 16:51:26:098;346.602;1.06811e-306;1.06811e-306;;;0.0898085;1.06811e-306;1.06811e-306;;;30.9175;1.06811e-306;1.06811e-306
05/07/2023 16:51:26:101;346.602;2.22525e-307;2.22525e-307;;;0.0898085;2.22525e-307;2.22525e-307;;;30.9175;2.22525e-307;2.22525e-307
05/07/2023 16:51:27:101;346.601;1.0681e-306;1.0681e-306;;;0.0892345;1.0681e-306;1.0681e-306;;;31.0832;1.0681e-306;1.0681e-306
05/07/2023 16:51:27:104;346.601;1.33512e-306;1.33512e-306;;;0.0892345;1.33512e-306;1.33512e-306;;;31.0832;1.33512e-306;1.33512e-306
05/07/2023 16:51:28:141;346.602;1.78021e-306;1.78021e-306;;;0.0901091;1.78021e-306;1.78021e-306;;;31.2577;1.78021e-306;1.78021e-306
05/07/2023 16:51:28:144;346.602;7.56593e-307;7.56593e-307;;;0.0901091;7.56593e-307;7.56593e-307;;;31.2577;7.56593e-307;7.56593e-307
05/07/2023 16:51:29:132;346.603;2.22527e-307;2.22527e-307;;;0.0896449;2.22527e-307;2.22527e-307;;;31.0562;2.22527e-307;2.22527e-307
05/07/2023 16:51:29:135;346.603;1.06811e-306;1.06811e-306;;;0.0896449;1.06811e-306;1.06811e-306;;;31.0562;1.06811e-306;1.06811e-306
05/07/2023 16:51:30:157;346.602;1.11258e-306;1.11258e-306;;;0.0872606;1.11258e-306;1.11258e-306;;;30.3032;1.11258e-306;1.11258e-306
05/07/2023 16:51:30:160;346.602;1.33512e-306;1.33512e-306;;;0.0872606;1.33512e-306;1.33512e-306;;;30.3032;1.33512e-306;1.33512e-306
05/07/2023 16:51:31:171;346.602;1.50199e-307;1.50199e-307;;;0.0896345;1.50199e-307;1.50199e-307;;;31.0758;1.50199e-307;1.50199e-307
05/07/2023 16:51:31:174;346.602;1.502e-307;1.502e-307;;;0.0896345;1.502e-307;1.502e-307;;;31.0758;1.502e-307;1.502e-307
05/07/2023 16:51:32:197;346.603;1.33512e-306;1.33512e-306;;;0.0891856;1.33512e-306;1.33512e-306;;;30.9217;1.33512e-306;1.33512e-306
05/07/2023 16:51:32:200;346.603;3.22646e-307;3.22646e-307;;;0.0891856;3.22646e-307;3.22646e-307;;;30.9217;3.22646e-307;3.22646e-307
05/07/2023 16:51:33:196;346.601;8.34453e-308;8.34453e-308;;;0.0887067;8.34453e-308;8.34453e-308;;;30.7639;8.34453e-308;8.34453e-308
05/07/2023 16:51:33:198;346.601;1.93685e-304;1.93685e-304;;;0.0887067;1.93685e-304;1.93685e-304;;;30.7639;1.93685e-304;1.93685e-304
05/07/2023 16:51:34:217;346.6;1.33512e-306;1.33512e-306;;;0.0895202;1.33512e-306;1.33512e-306;;;31.0979;1.33512e-306;1.33512e-306
05/07/2023 16:51:34:220;346.6;1.50202e-307;1.50202e-307;;;0.0895202;1.50202e-307;1.50202e-307;;;31.0979;1.50202e-307;1.50202e-307
05/07/2023 16:51:35:226;346.601;3.22646e-307;3.22646e-307;;;0.0896817;3.22646e-307;3.22646e-307;;;31.1156;3.22646e-307;3.22646e-307
05/07/2023 16:51:35:229;346.601;1.50202e-307;1.50202e-307;;;0.0896817;1.50202e-307;1.50202e-307;;;31.1156;1.50202e-307;1.50202e-307
05/07/2023 16:51:36:246;346.6;9.34589e-307;9.34589e-307;;;0.0897079;9.34589e-307;9.34589e-307;;;31.0874;9.34589e-307;9.34589e-307
05/07/2023 16:51:36:249;346.6;8.01179e-307;8.01179e-307;;;0.0897079;8.01179e-307;8.01179e-307;;;31.0874;8.01179e-307;8.01179e-307
05/07/2023 16:51:37:243;346.601;1.50199e-307;1.50199e-307;;;0.0894478;1.50199e-307;1.50199e-307;;;30.9468;1.50199e-307;1.50199e-307
05/07/2023 16:51:37:246;346.601;1.502e-307;1.502e-307;;;0.0894478;1.502e-307;1.502e-307;;;30.9468;1.502e-307;1.502e-307
05/07/2023 16:51:38:301;346.6;1.24608e-306;1.24608e-306;;;0.0900129;1.24608e-306;1.24608e-306;;;31.1653;1.24608e-306;1.24608e-306
05/07/2023 16:51:38:303;346.6;8.34451e-308;8.34451e-308;;;0.0900129;8.34451e-308;8.34451e-308;;;31.1653;8.34451e-308;8.34451e-308
05/07/2023 16:51:39:286;346.601;1.37963e-306;1.37963e-306;;;0.0897588;1.37963e-306;1.37963e-306;;;31.1785;1.37963e-306;1.37963e-306
05/07/2023 16:51:39:289;346.601;1.50196e-307;1.50196e-307;;;0.0897588;1.50196e-307;1.50196e-307;;;31.1785;1.50196e-307;1.50196e-307
05/07/2023 16:51:40:338;346.601;1.29062e-306;1.29062e-306;;;0.087906;1.29062e-306;1.29062e-306;;;30.4846;1.29062e-306;1.29062e-306
05/07/2023 16:51:40:341;346.601;1.33512e-306;1.33512e-306;;;0.087906;1.33512e-306;1.33512e-306;;;30.4846;1.33512e-306;1.33512e-306
05/07/2023 16:51:41:357;346.6;1.69119e-306;1.69119e-306;;;0.0894192;1.69119e-306;1.69119e-306;;;31.0256;1.69119e-306;1.69119e-306
05/07/2023 16:51:41:362;346.6;9.34608e-307;9.34608e-307;;;0.0894192;9.34608e-307;9.34608e-307;;;31.0256;9.34608e-307;9.34608e-307
05/07/2023 16:51:42:368;346.599;1.50202e-307;1.50202e-307;;;0.0891211;1.50202e-307;1.50202e-307;;;30.9389;1.50202e-307;1.50202e-307
05/07/2023 16:51:42:371;346.599;1.69114e-306;1.69114e-306;;;0.0891211;1.69114e-306;1.69114e-306;;;30.9389;1.69114e-306;1.69114e-306
05/07/2023 16:51:43:375;346.601;8.34445e-308;8.34445e-308;;;0.0899181;8.34445e-308;8.34445e-308;;;31.1497;8.34445e-308;8.34445e-308
05/07/2023 16:51:43:377;346.601;1.29058e-306;1.29058e-306;;;0.0899181;1.29058e-306;1.29058e-306;;;31.1497;1.29058e-306;1.29058e-306
05/07/2023 16:51:44:395;346.602;1.50196e-307;1.50196e-307;;;0.0889389;1.50196e-307;1.50196e-307;;;30.9043;1.50196e-307;1.50196e-307
05/07/2023 16:51:44:400;346.602;1.91282e-227;1.91282e-227;;;0.0889389;1.91282e-227;1.91282e-227;;;30.9043;1.91282e-227;1.91282e-227
05/07/2023 16:51:45:404;346.601;1.91282e-227;1.91282e-227;;;0.0900054;1.91282e-227;1.91282e-227;;;31.2237;1.91282e-227;1.91282e-227
05/07/2023 16:51:45:407;346.601;1.97878e-227;1.97878e-227;;;0.0900054;1.97878e-227;1.97878e-227;;;31.2237;1.97878e-227;1.97878e-227
05/07/2023 16:51:46:426;346.603;1.64899e-227;1.64899e-227;;;0.0903881;1.64899e-227;1.64899e-227;;;31.2611;1.64899e-227;1.64899e-227
05/07/2023 16:51:46:428;346.603;3.17465e-227;3.17465e-227;;;0.0903881;3.17465e-227;3.17465e-227;;;31.2611;3.17465e-227;3.17465e-227
05/07/2023 16:51:47:440;346.602;1.05967e-227;1.05967e-227;;;0.0898187;1.05967e-227;1.05967e-227;;;31.1262;1.05967e-227;1.05967e-227
05/07/2023 16:51:47:443;346.602;1.50558e-307;1.50558e-307;;;0.0898187;1.50558e-307;1.50558e-307;;;31.1262;1.50558e-307;1.50558e-307
05/07/2023 16:51:48:463;346.601;1.52135e-227;1.52135e-227;;;0.0873957;1.52135e-227;1.52135e-227;;;30.3173;1.52135e-227;1.52135e-227
05/07/2023 16:51:48:466;346.601;1.12561e-227;1.12561e-227;;;0.0873957;1.12561e-227;1.12561e-227;;;30.3173;1.12561e-227;1.12561e-227
05/07/2023 16:51:49:460;346.601;1.05967e-227;1.05967e-227;;;0.0894915;1.05967e-227;1.05967e-227;;;31.0055;1.05967e-227;1.05967e-227
05/07/2023 16:51:49:463;346.601;1.05967e-227;1.05967e-227;;;0.0894915;1.05967e-227;1.05967e-227;;;31.0055;1.05967e-227;1.05967e-227
05/07/2023 16:51:50:480;346.601;1.91282e-227;1.91282e-227;;;0.0884712;1.91282e-227;1.91282e-227;;;30.6662;1.91282e-227;1.91282e-227
05/07/2023 16:51:50:483;346.601;1.97878e-227;1.97878e-227;;;0.0884712;1.97878e-227;1.97878e-227;;;30.6662;1.97878e-227;1.97878e-227
05/07/2023 16:51:51:492;346.601;1.3796e-306;1.3796e-306;;;0.0896001;1.3796e-306;1.3796e-306;;;31.1034;1.3796e-306;1.3796e-306
05/07/2023 16:51:51:494;346.601;2.22517e-307;2.22517e-307;;;0.0896001;2.22517e-307;2.22517e-307;;;31.1034;2.22517e-307;2.22517e-307
05/07/2023 16:51:52:525;346.601;1.50201e-307;1.50201e-307;;;0.090663;1.50201e-307;1.50201e-307;;;31.3895;1.50201e-307;1.50201e-307
05/07/2023 16:51:52:528;346.601;1.50201e-307;1.50201e-307;;;0.090663;1.50201e-307;1.50201e-307;;;31.3895;1.50201e-307;1.50201e-307
05/07/2023 16:51:53:523;346.601;2.22517e-307;2.22517e-307;;;0.0895437;2.22517e-307;2.22517e-307;;;31.1089;2.22517e-307;2.22517e-307
05/07/2023 16:51:53:526;346.601;1.50201e-307;1.50201e-307;;;0.0895437;1.50201e-307;1.50201e-307;;;31.1089;1.50201e-307;1.50201e-307
05/07/2023 16:51:54:584;346.603;1.0681e-306;1.0681e-306;;;0.0871678;1.0681e-306;1.0681e-306;;;30.1834;1.0681e-306;1.0681e-306
05/07/2023 16:51:54:588;346.603;1.69121e-306;1.69121e-306;;;0.0871678;1.69121e-306;1.69121e-306;;;30.1834;1.69121e-306;1.69121e-306
05/07/2023 16:51:55:756;346.601;1.11261e-306;1.11261e-306;;;0.0889956;1.11261e-306;1.11261e-306;;;30.9065;1.11261e-306;1.11261e-306
05/07/2023 16:51:55:759;346.601;1.6912e-306;1.6912e-306;;;0.0889956;1.6912e-306;1.6912e-306;;;30.9065;1.6912e-306;1.6912e-306
05/07/2023 16:51:56:592;346.601;1.50199e-307;1.50199e-307;;;0.0892184;1.50199e-307;1.50199e-307;;;30.9383;1.50199e-307;1.50199e-307
05/07/2023 16:51:56:596;346.601;1.50198e-307;1.50198e-307;;;0.0892184;1.50198e-307;1.50198e-307;;;30.9383;1.50198e-307;1.50198e-307
05/07/2023 16:51:57:592;346.602;1.3796e-306;1.3796e-306;;;0.0891866;1.3796e-306;1.3796e-306;;;30.9285;1.3796e-306;1.3796e-306
05/07/2023 16:51:57:596;346.602;1.11259e-306;1.11259e-306;;;0.0891866;1.11259e-306;1.11259e-306;;;30.9285;1.11259e-306;1.11259e-306
05/07/2023 16:51:58:618;346.601;1.60215e-306;1.60215e-306;;;0.0894827;1.60215e-306;1.60215e-306;;;31.049;1.60215e-306;1.60215e-306
05/07/2023 16:51:58:622;346.601;1.68463e-290;1.68463e-290;;;0.0894827;1.68463e-290;1.68463e-290;;;31.049;1.68463e-290;1.68463e-290
05/07/2023 16:51:59:627;346.601;1.36397e-290;1.36397e-290;;;0.0893943;1.36397e-290;1.36397e-290;;;31.0231;1.36397e-290;1.36397e-290
05/07/2023 16:51:59:630;346.601;5.81493e-291;5.81493e-291;;;0.0893943;5.81493e-291;5.81493e-291;;;31.0231;5.81493e-291;5.81493e-291
05/07/2023 16:52:00:654;346.601;5.61452e-291;5.61452e-291;;;0.0866348;5.61452e-291;5.61452e-291;;;29.9706;5.61452e-291;5.61452e-291
05/07/2023 16:52:00:657;346.601;1.04275e-290;1.04275e-290;;;0.0866348;1.04275e-290;1.04275e-290;;;29.9706;1.04275e-290;1.04275e-290
05/07/2023 16:52:01:665;346.602;1.36399e-290;1.36399e-290;;;0.0898876;1.36399e-290;1.36399e-290;;;31.1521;1.36399e-290;1.36399e-290
05/07/2023 16:52:01:668;346.602;1.50273e-307;1.50273e-307;;;0.0898876;1.50273e-307;1.50273e-307;;;31.1521;1.50273e-307;1.50273e-307
05/07/2023 16:52:02:687;346.6;1.50273e-307;1.50273e-307;;;0.089892;1.50273e-307;1.50273e-307;;;31.1387;1.50273e-307;1.50273e-307
05/07/2023 16:52:02:691;346.6;3.20685e-291;3.20685e-291;;;0.089892;3.20685e-291;3.20685e-291;;;31.1387;3.20685e-291;3.20685e-291
05/07/2023 16:52:03:687;346.601;6.01546e-291;6.01546e-291;;;0.08928;6.01546e-291;6.01546e-291;;;30.9915;6.01546e-291;6.01546e-291
05/07/2023 16:52:03:690;346.601;1.24317e-290;1.24317e-290;;;0.08928;1.24317e-290;1.24317e-290;;;30.9915;1.24317e-290;1.24317e-290
05/07/2023 16:52:04:736;346.602;4.00852e-291;4.00852e-291;;;0.0890547;4.00852e-291;4.00852e-291;;;30.8681;4.00852e-291;4.00852e-291
05/07/2023 16:52:04:739;346.602;1.69114e-306;1.69114e-306;;;0.0890547;1.69114e-306;1.69114e-306;;;30.8681;1.69114e-306;1.69114e-306
05/07/2023 16:52:05:737;346.601;1.29058e-306;1.29058e-306;;;0.0893017;1.29058e-306;1.29058e-306;;;31.0267;1.29058e-306;1.29058e-306
05/07/2023 16:52:05:740;346.601;1.69114e-306;1.69114e-306;;;0.0893017;1.69114e-306;1.69114e-306;;;31.0267;1.69114e-306;1.69114e-306
05/07/2023 16:52:06:773;346.6;7.56565e-307;7.56565e-307;;;0.0886982;7.56565e-307;7.56565e-307;;;30.775;7.56565e-307;7.56565e-307
05/07/2023 16:52:06:776;346.6;7.56591e-307;7.56591e-307;;;0.0886982;7.56591e-307;7.56591e-307;;;30.775;7.56591e-307;7.56591e-307
05/07/2023 16:52:07:788;346.6;1.11262e-306;1.11262e-306;;;0.0884273;1.11262e-306;1.11262e-306;;;30.6279;1.11262e-306;1.11262e-306
05/07/2023 16:52:07:792;346.6;1.51319e-306;1.51319e-306;;;0.0884273;1.51319e-306;1.51319e-306;;;30.6279;1.51319e-306;1.51319e-306
05/07/2023 16:52:08:798;346.601;1.33512e-306;1.33512e-306;;;0.0897189;1.33512e-306;1.33512e-306;;;31.007;1.33512e-306;1.33512e-306
05/07/2023 16:52:08:801;346.601;1.42413e-306;1.42413e-306;;;0.0897189;1.42413e-306;1.42413e-306;;;31.007;1.42413e-306;1.42413e-306
05/07/2023 16:52:09:809;346.601;1.33512e-306;1.33512e-306;;;0.0890105;1.33512e-306;1.33512e-306;;;30.8094;1.33512e-306;1.33512e-306
05/07/2023 16:52:09:812;346.601;1.69114e-306;1.69114e-306;;;0.0890105;1.69114e-306;1.69114e-306;;;30.8094;1.69114e-306;1.69114e-306
05/07/2023 16:52:10:822;346.601;1.02361e-306;1.02361e-306;;;0.0892053;1.02361e-306;1.02361e-306;;;30.9875;1.02361e-306;1.02361e-306
05/07/2023 16:52:10:825;346.601;7.56604e-307;7.56604e-307;;;0.0892053;7.56604e-307;7.56604e-307;;;30.9875;7.56604e-307;7.56604e-307
05/07/2023 16:52:11:834;346.6;1.02361e-306;1.02361e-306;;;0.0897964;1.02361e-306;1.02361e-306;;;31.0909;1.02361e-306;1.02361e-306
05/07/2023 16:52:11:836;346.6;1.60218e-306;1.60218e-306;;;0.0897964;1.60218e-306;1.60218e-306;;;31.0909;1.60218e-306;1.60218e-306
05/07/2023 16:52:12:862;346.601;1.37962e-306;1.37962e-306;;;0.0892924;1.37962e-306;1.37962e-306;;;30.9196;1.37962e-306;1.37962e-306
05/07/2023 16:52:12:865;346.601;1.89141e-307;1.89141e-307;;;0.0892924;1.89141e-307;1.89141e-307;;;30.9196;1.89141e-307;1.89141e-307
05/07/2023 16:52:13:891;346.6;4.45035e-307;4.45035e-307;;;0.0885693;4.45035e-307;4.45035e-307;;;30.7647;4.45035e-307;4.45035e-307
05/07/2023 16:52:13:894;346.6;4.99518e-257;4.99518e-257;;;0.0885693;4.99518e-257;4.99518e-257;;;30.7647;4.99518e-257;4.99518e-257
05/07/2023 16:52:14:888;346.601;1.50425e-307;1.50425e-307;;;0.0892613;1.50425e-307;1.50425e-307;;;30.958;1.50425e-307;1.50425e-307
05/07/2023 16:52:14:891;346.601;7.09362e-257;7.09362e-257;;;0.0892613;7.09362e-257;7.09362e-257;;;30.958;7.09362e-257;7.09362e-257
05/07/2023 16:52:15:888;346.599;4.57893e-257;4.57893e-257;;;0.0894722;4.57893e-257;4.57893e-257;;;31.0749;4.57893e-257;4.57893e-257
05/07/2023 16:52:15:892;346.599;6.25245e-257;6.25245e-257;;;0.0894722;6.25245e-257;6.25245e-257;;;31.0749;6.25245e-257;6.25245e-257
05/07/2023 16:52:16:928;346.6;3.33873e-257;3.33873e-257;;;0.0895406;3.33873e-257;3.33873e-257;;;31.0876;3.33873e-257;3.33873e-257
05/07/2023 16:52:16:933;346.6;3.33873e-257;3.33873e-257;;;0.0895406;3.33873e-257;3.33873e-257;;;31.0876;3.33873e-257;3.33873e-257
05/07/2023 16:52:17:937;346.601;1.50425e-307;1.50425e-307;;;0.0884312;1.50425e-307;1.50425e-307;;;30.6713;1.50425e-307;1.50425e-307
05/07/2023 16:52:17:941;346.601;1.50425e-307;1.50425e-307;;;0.0884312;1.50425e-307;1.50425e-307;;;30.6713;1.50425e-307;1.50425e-307
05/07/2023 16:52:18:956;346.601;3.33873e-257;3.33873e-257;;;0.0884215;3.33873e-257;3.33873e-257;;;30.7289;3.33873e-257;3.33873e-257
05/07/2023 16:52:18:959;346.601;1.50425e-307;1.50425e-307;;;0.0884215;1.50425e-307;1.50425e-307;;;30.7289;1.50425e-307;1.50425e-307
05/07/2023 16:52:19:957;346.6;1.50421e-307;1.50421e-307;;;0.0893416;1.50421e-307;1.50421e-307;;;30.8924;1.50421e-307;1.50421e-307
05/07/2023 16:52:19:961;346.6;7.09366e-257;7.09366e-257;;;0.0893416;7.09366e-257;7.09366e-257;;;30.8924;7.09366e-257;7.09366e-257
05/07/2023 16:52:20:990;346.6;3.1152e-307;3.1152e-307;;;0.0899656;3.1152e-307;3.1152e-307;;;31.1946;3.1152e-307;3.1152e-307
05/07/2023 16:52:20:993;346.6;3.1152e-307;3.1152e-307;;;0.0899656;3.1152e-307;3.1152e-307;;;31.1946;3.1152e-307;3.1152e-307
05/07/2023 16:52:21:990;346.601;2.8927e-307;2.8927e-307;;;0.0888983;2.8927e-307;2.8927e-307;;;30.7904;2.8927e-307;2.8927e-307
05/07/2023 16:52:21:993;346.601;3.1152e-307;3.1152e-307;;;0.0888983;3.1152e-307;3.1152e-307;;;30.7904;3.1152e-307;3.1152e-307
05/07/2023 16:52:23:051;346.601;1.11259e-306;1.11259e-306;;;0.0868243;1.11259e-306;1.11259e-306;;;30.0636;1.11259e-306;1.11259e-306
05/07/2023 16:52:23:053;346.601;7.56582e-307;7.56582e-307;;;0.0868243;7.56582e-307;7.56582e-307;;;30.0636;7.56582e-307;7.56582e-307
05/07/2023 16:52:24:216;346.601;1.60218e-306;1.60218e-306;;;0.0875094;1.60218e-306;1.60218e-306;;;30.3438;1.60218e-306;1.60218e-306
05/07/2023 16:52:24:219;346.601;7.56596e-307;7.56596e-307;;;0.0875094;7.56596e-307;7.56596e-307;;;30.3438;7.56596e-307;7.56596e-307
05/07/2023 16:52:25:066;346.599;1.29062e-306;1.29062e-306;;;0.0891648;1.29062e-306;1.29062e-306;;;30.9489;1.29062e-306;1.29062e-306
05/07/2023 16:52:25:069;346.599;8.01092e-307;8.01092e-307;;;0.0891648;8.01092e-307;8.01092e-307;;;30.9489;8.01092e-307;8.01092e-307
05/07/2023 16:52:26:059;346.601;4.45035e-307;4.45035e-307;;;0.0897562;4.45035e-307;4.45035e-307;;;31.1922;4.45035e-307;4.45035e-307
05/07/2023 16:52:26:062;346.601;1.89141e-307;1.89141e-307;;;0.0897562;1.89141e-307;1.89141e-307;;;31.1922;1.89141e-307;1.89141e-307
05/07/2023 16:52:27:085;346.6;1.50322e-307;1.50322e-307;;;0.0890902;1.50322e-307;1.50322e-307;;;30.8833;1.50322e-307;1.50322e-307
05/07/2023 16:52:27:089;346.6;1.72163e-280;1.72163e-280;;;0.0890902;1.72163e-280;1.72163e-280;;;30.8833;1.72163e-280;1.72163e-280
05/07/2023 16:52:28:088;346.6;1.44769e-280;1.44769e-280;;;0.08881;1.44769e-280;1.44769e-280;;;30.8364;1.44769e-280;1.44769e-280
05/07/2023 16:52:28:092;346.6;1.99859e-280;1.99859e-280;;;0.08881;1.99859e-280;1.99859e-280;;;30.8364;1.99859e-280;1.99859e-280
05/07/2023 16:52:29:108;346.601;4.45652e-308;4.45652e-308;;;0.0893824;4.45652e-308;4.45652e-308;;;31.0578;4.45652e-308;4.45652e-308
05/07/2023 16:52:29:111;346.601;1.72163e-280;1.72163e-280;;;0.0893824;1.72163e-280;1.72163e-280;;;31.0578;1.72163e-280;1.72163e-280
05/07/2023 16:52:30:108;346.601;2.13631e-280;2.13631e-280;;;0.0897098;2.13631e-280;2.13631e-280;;;31.1579;2.13631e-280;2.13631e-280
05/07/2023 16:52:30:111;346.601;1.72315e-280;1.72315e-280;;;0.0897098;1.72315e-280;1.72315e-280;;;31.1579;1.72315e-280;1.72315e-280
05/07/2023 16:52:31:148;346.6;1.72314e-280;1.72314e-280;;;0.0894455;1.72314e-280;1.72314e-280;;;31.02;1.72314e-280;1.72314e-280
05/07/2023 16:52:31:151;346.6;3.30548e-280;3.30548e-280;;;0.0894455;3.30548e-280;3.30548e-280;;;31.02;3.30548e-280;3.30548e-280
05/07/2023 16:52:32:157;346.602;1.99859e-280;1.99859e-280;;;0.0888036;1.99859e-280;1.99859e-280;;;30.7425;1.99859e-280;1.99859e-280
05/07/2023 16:52:32:160;346.602;1.72163e-280;1.72163e-280;;;0.0888036;1.72163e-280;1.72163e-280;;;30.7425;1.72163e-280;1.72163e-280
05/07/2023 16:52:33:177;346.599;1.5032e-307;1.5032e-307;;;0.0897748;1.5032e-307;1.5032e-307;;;31.167;1.5032e-307;1.5032e-307
05/07/2023 16:52:33:180;346.599;1.50321e-307;1.50321e-307;;;0.0897748;1.50321e-307;1.50321e-307;;;31.167;1.50321e-307;1.50321e-307
05/07/2023 16:52:34:190;346.601;5.23983e-280;5.23983e-280;;;0.0898666;5.23983e-280;5.23983e-280;;;31.1751;5.23983e-280;5.23983e-280
05/07/2023 16:52:34:193;346.601;1.44618e-280;1.44618e-280;;;0.0898666;1.44618e-280;1.44618e-280;;;31.1751;1.44618e-280;1.44618e-280
05/07/2023 16:52:35:210;346.577;3.85007e-264;3.85007e-264;;;0.0901985;3.85007e-264;3.85007e-264;;;31.293;3.85007e-264;3.85007e-264
05/07/2023 16:52:35:214;346.577;7.1439e-265;7.1439e-265;;;0.0901985;7.1439e-265;7.1439e-265;;;31.293;7.1439e-265;7.1439e-265
05/07/2023 16:52:36:214;346.599;4.22658e-264;4.22658e-264;;;0.0892002;4.22658e-264;4.22658e-264;;;30.8915;4.22658e-264;4.22658e-264
05/07/2023 16:52:36:220;346.599;1.98934e-264;1.98934e-264;;;0.0892002;1.98934e-264;1.98934e-264;;;30.8915;1.98934e-264;1.98934e-264
05/07/2023 16:52:37:240;346.601;3.85007e-264;3.85007e-264;;;0.0878885;3.85007e-264;3.85007e-264;;;30.5401;3.85007e-264;3.85007e-264
05/07/2023 16:52:37:243;346.601;2.60954e-264;2.60954e-264;;;0.0878885;2.60954e-264;2.60954e-264;;;30.5401;2.60954e-264;2.60954e-264
05/07/2023 16:52:38:242;346.601;2.60955e-264;2.60955e-264;;;0.0893101;2.60955e-264;2.60955e-264;;;31.0332;2.60955e-264;2.60955e-264
05/07/2023 16:52:38:244;346.601;3.72602e-264;3.72602e-264;;;0.0893101;3.72602e-264;3.72602e-264;;;31.0332;3.72602e-264;3.72602e-264
05/07/2023 16:52:39:267;346.6;3.72602e-264;3.72602e-264;;;0.0890415;3.72602e-264;3.72602e-264;;;30.8306;3.72602e-264;3.72602e-264
05/07/2023 16:52:39:272;346.6;2.60954e-264;2.60954e-264;;;0.0890415;2.60954e-264;2.60954e-264;;;30.8306;2.60954e-264;2.60954e-264
05/07/2023 16:52:40:257;346.6;3.72602e-264;3.72602e-264;;;0.0894395;3.72602e-264;3.72602e-264;;;31.059;3.72602e-264;3.72602e-264
05/07/2023 16:52:40:260;346.6;1.86084e-264;1.86084e-264;;;0.0894395;1.86084e-264;1.86084e-264;;;31.059;1.86084e-264;1.86084e-264
05/07/2023 16:52:41:296;346.602;1.50394e-307;1.50394e-307;;;0.0895584;1.50394e-307;1.50394e-307;;;31.0023;1.50394e-307;1.50394e-307
05/07/2023 16:52:41:299;346.602;2.67019e-307;2.67019e-307;;;0.0895584;2.67019e-307;2.67019e-307;;;31.0023;2.67019e-307;2.67019e-307
05/07/2023 16:52:42:301;346.6;2.11392e-307;2.11392e-307;;;0.0889061;2.11392e-307;2.11392e-307;;;30.8103;2.11392e-307;2.11392e-307
05/07/2023 16:52:42:308;346.6;1.50202e-307;1.50202e-307;;;0.0889061;1.50202e-307;1.50202e-307;;;30.8103;1.50202e-307;1.50202e-307
05/07/2023 16:52:43:332;346.601;1.42418e-306;1.42418e-306;;;0.0888321;1.42418e-306;1.42418e-306;;;30.8498;1.42418e-306;1.42418e-306
05/07/2023 16:52:43:335;346.601;1.20158e-306;1.20158e-306;;;0.0888321;1.20158e-306;1.20158e-306;;;30.8498;1.20158e-306;1.20158e-306
05/07/2023 16:52:44:335;346.599;1.60219e-306;1.60219e-306;;;0.0898899;1.60219e-306;1.60219e-306;;;31.1159;1.60219e-306;1.60219e-306
05/07/2023 16:52:44:338;346.599;5.01305e-304;5.01305e-304;;;0.0898899;5.01305e-304;5.01305e-304;;;31.1159;5.01305e-304;5.01305e-304
05/07/2023 16:52:45:358;346.6;1.3352e-306;1.3352e-306;;;0.0897538;1.3352e-306;1.3352e-306;;;31.1296;1.3352e-306;1.3352e-306
05/07/2023 16:52:45:361;346.6;1.29062e-306;1.29062e-306;;;0.0897538;1.29062e-306;1.29062e-306;;;31.1296;1.29062e-306;1.29062e-306
05/07/2023 16:52:46:361;346.6;1.50199e-307;1.50199e-307;;;0.0892443;1.50199e-307;1.50199e-307;;;30.9474;1.50199e-307;1.50199e-307
05/07/2023 16:52:46:364;346.6;1.50202e-307;1.50202e-307;;;0.0892443;1.50202e-307;1.50202e-307;;;30.9474;1.50202e-307;1.50202e-307
05/07/2023 16:52:47:401;346.601;1.33512e-306;1.33512e-306;;;0.0898197;1.33512e-306;1.33512e-306;;;31.0846;1.33512e-306;1.33512e-306
05/07/2023 16:52:47:404;346.601;6.83563e-304;6.83563e-304;;;0.0898197;6.83563e-304;6.83563e-304;;;31.0846;6.83563e-304;6.83563e-304
05/07/2023 16:52:48:423;346.601;8.34505e-308;8.34505e-308;;;0.0896957;8.34505e-308;8.34505e-308;;;31.1349;8.34505e-308;8.34505e-308
05/07/2023 16:52:48:426;346.601;5.013e-304;5.013e-304;;;0.0896957;5.013e-304;5.013e-304;;;31.1349;5.013e-304;5.013e-304
05/07/2023 16:52:49:457;346.6;1.50196e-307;1.50196e-307;;;0.0886894;1.50196e-307;1.50196e-307;;;30.7722;1.50196e-307;1.50196e-307
05/07/2023 16:52:49:461;346.6;1.0236e-306;1.0236e-306;;;0.0886894;1.0236e-306;1.0236e-306;;;30.7722;1.0236e-306;1.0236e-306
05/07/2023 16:52:50:650;346.6;8.90109e-307;8.90109e-307;;;0.0894568;8.90109e-307;8.90109e-307;;;31.0015;8.90109e-307;8.90109e-307
05/07/2023 16:52:50:653;346.6;1.11261e-306;1.11261e-306;;;0.0894568;1.11261e-306;1.11261e-306;;;31.0015;1.11261e-306;1.11261e-306
05/07/2023 16:52:51:499;346.6;1.60221e-306;1.60221e-306;;;0.0901932;1.60221e-306;1.60221e-306;;;31.2647;1.60221e-306;1.60221e-306
05/07/2023 16:52:51:502;346.6;1.86921e-306;1.86921e-306;;;0.0901932;1.86921e-306;1.86921e-306;;;31.2647;1.86921e-306;1.86921e-306
05/07/2023 16:52:52:479;346.6;1.11261e-306;1.11261e-306;;;0.0900699;1.11261e-306;1.11261e-306;;;31.2724;1.11261e-306;1.11261e-306
05/07/2023 16:52:52:484;346.6;1.8692e-306;1.8692e-306;;;0.0900699;1.8692e-306;1.8692e-306;;;31.2724;1.8692e-306;1.8692e-306
05/07/2023 16:52:53:507;346.601;8.90109e-307;8.90109e-307;;;0.0886298;8.90109e-307;8.90109e-307;;;30.8035;8.90109e-307;8.90109e-307
05/07/2023 16:52:53:512;346.601;1.86919e-306;1.86919e-306;;;0.0886298;1.86919e-306;1.86919e-306;;;30.8035;1.86919e-306;1.86919e-306
05/07/2023 16:52:54:519;346.6;1.60221e-306;1.60221e-306;;;0.0880926;1.60221e-306;1.60221e-306;;;30.4504;1.60221e-306;1.60221e-306
05/07/2023 16:52:54:523;346.6;3.22646e-307;3.22646e-307;;;0.0880926;3.22646e-307;3.22646e-307;;;30.4504;3.22646e-307;3.22646e-307
05/07/2023 16:52:55:540;346.598;3.22646e-307;3.22646e-307;;;0.0887106;3.22646e-307;3.22646e-307;;;30.7905;3.22646e-307;3.22646e-307
05/07/2023 16:52:55:543;346.598;4.22784e-307;4.22784e-307;;;0.0887106;4.22784e-307;4.22784e-307;;;30.7905;4.22784e-307;4.22784e-307
05/07/2023 16:52:56:536;346.599;3.00395e-307;3.00395e-307;;;0.0894186;3.00395e-307;3.00395e-307;;;30.9557;3.00395e-307;3.00395e-307
05/07/2023 16:52:56:539;346.599;4.22784e-307;4.22784e-307;;;0.0894186;4.22784e-307;4.22784e-307;;;30.9557;4.22784e-307;4.22784e-307
05/07/2023 16:52:57:569;346.599;1.0236e-306;1.0236e-306;;;0.0898756;1.0236e-306;1.0236e-306;;;31.1623;1.0236e-306;1.0236e-306
05/07/2023 16:52:57:572;346.599;1.50202e-307;1.50202e-307;;;0.0898756;1.50202e-307;1.50202e-307;;;31.1623;1.50202e-307;1.50202e-307
05/07/2023 16:52:58:569;346.6;4.00533e-307;4.00533e-307;;;0.0902653;4.00533e-307;4.00533e-307;;;31.3135;4.00533e-307;4.00533e-307
05/07/2023 16:52:58:572;346.6;1.11261e-306;1.11261e-306;;;0.0902653;1.11261e-306;1.11261e-306;;;31.3135;1.11261e-306;1.11261e-306
05/07/2023 16:52:59:609;346.599;1.50202e-307;1.50202e-307;;;0.0888912;1.50202e-307;1.50202e-307;;;30.8622;1.50202e-307;1.50202e-307
05/07/2023 16:52:59:614;346.599;1.50199e-307;1.50199e-307;;;0.0888912;1.50199e-307;1.50199e-307;;;30.8622;1.50199e-307;1.50199e-307
05/07/2023 16:53:00:605;346.6;1.50199e-307;1.50199e-307;;;0.0889343;1.50199e-307;1.50199e-307;;;30.8702;1.50199e-307;1.50199e-307
05/07/2023 16:53:00:608;346.6;1.50202e-307;1.50202e-307;;;0.0889343;1.50202e-307;1.50202e-307;;;30.8702;1.50202e-307;1.50202e-307
05/07/2023 16:53:01:635;346.6;1.50202e-307;1.50202e-307;;;0.0883473;1.50202e-307;1.50202e-307;;;30.8232;1.50202e-307;1.50202e-307
05/07/2023 16:53:01:640;346.6;1.50203e-307;1.50203e-307;;;0.0883473;1.50203e-307;1.50203e-307;;;30.8232;1.50203e-307;1.50203e-307
05/07/2023 16:53:02:630;346.599;1.50201e-307;1.50201e-307;;;0.0894096;1.50201e-307;1.50201e-307;;;31.0639;1.50201e-307;1.50201e-307
05/07/2023 16:53:02:632;346.599;7.56592e-307;7.56592e-307;;;0.0894096;7.56592e-307;7.56592e-307;;;31.0639;7.56592e-307;7.56592e-307
05/07/2023 16:53:03:667;346.598;1.50201e-307;1.50201e-307;;;0.0888511;1.50201e-307;1.50201e-307;;;30.8049;1.50201e-307;1.50201e-307
05/07/2023 16:53:03:671;346.598;1.50201e-307;1.50201e-307;;;0.0888511;1.50201e-307;1.50201e-307;;;30.8049;1.50201e-307;1.50201e-307
05/07/2023 16:53:04:688;346.6;8.90101e-307;8.90101e-307;;;0.0895504;8.90101e-307;8.90101e-307;;;31.0738;8.90101e-307;8.90101e-307
05/07/2023 16:53:04:691;346.6;1.1126e-306;1.1126e-306;;;0.0895504;1.1126e-306;1.1126e-306;;;31.0738;1.1126e-306;1.1126e-306
05/07/2023 16:53:05:700;346.599;1.1126e-306;1.1126e-306;;;0.0864773;1.1126e-306;1.1126e-306;;;29.9155;1.1126e-306;1.1126e-306
05/07/2023 16:53:05:703;346.599;1.37962e-306;1.37962e-306;;;0.0864773;1.37962e-306;1.37962e-306;;;29.9155;1.37962e-306;1.37962e-306
05/07/2023 16:53:06:694;346.599;1.29058e-306;1.29058e-306;;;0.0892325;1.29058e-306;1.29058e-306;;;30.9414;1.29058e-306;1.29058e-306
05/07/2023 16:53:06:697;346.599;2.22517e-307;2.22517e-307;;;0.0892325;2.22517e-307;2.22517e-307;;;30.9414;2.22517e-307;2.22517e-307
05/07/2023 16:53:07:717;346.6;1.33511e-306;1.33511e-306;;;0.0903289;1.33511e-306;1.33511e-306;;;31.3226;1.33511e-306;1.33511e-306
05/07/2023 16:53:07:721;346.6;2.11392e-307;2.11392e-307;;;0.0903289;2.11392e-307;2.11392e-307;;;31.3226;2.11392e-307;2.11392e-307
05/07/2023 16:53:08:716;346.6;1.60218e-306;1.60218e-306;;;0.0892895;1.60218e-306;1.60218e-306;;;30.9438;1.60218e-306;1.60218e-306
05/07/2023 16:53:08:719;346.6;4.22784e-307;4.22784e-307;;;0.0892895;4.22784e-307;4.22784e-307;;;30.9438;4.22784e-307;4.22784e-307
05/07/2023 16:53:09:762;346.599;2.22513e-307;2.22513e-307;;;0.0900111;2.22513e-307;2.22513e-307;;;31.2079;2.22513e-307;2.22513e-307
05/07/2023 16:53:09:765;346.599;1.06811e-306;1.06811e-306;;;0.0900111;1.06811e-306;1.06811e-306;;;31.2079;1.06811e-306;1.06811e-306
05/07/2023 16:53:10:763;346.599;1.1126e-306;1.1126e-306;;;0.0900064;1.1126e-306;1.1126e-306;;;31.2025;1.1126e-306;1.1126e-306
05/07/2023 16:53:10:766;346.599;1.11269e-306;1.11269e-306;;;0.0900064;1.11269e-306;1.11269e-306;;;31.2025;1.11269e-306;1.11269e-306
05/07/2023 16:53:11:782;346.599;2.84821e-304;2.84821e-304;;;0.0902349;2.84821e-304;2.84821e-304;;;31.2698;2.84821e-304;2.84821e-304
05/07/2023 16:53:11:785;346.599;2.22517e-307;2.22517e-307;;;0.0902349;2.22517e-307;2.22517e-307;;;31.2698;2.22517e-307;2.22517e-307
05/07/2023 16:53:12:773;346.598;1.33512e-306;1.33512e-306;;;0.0898613;1.33512e-306;1.33512e-306;;;31.2006;1.33512e-306;1.33512e-306
05/07/2023 16:53:12:778;346.598;1.11261e-306;1.11261e-306;;;0.0898613;1.11261e-306;1.11261e-306;;;31.2006;1.11261e-306;1.11261e-306
05/07/2023 16:53:13:818;346.599;7.56581e-307;7.56581e-307;;;0.0899577;7.56581e-307;7.56581e-307;;;31.2951;7.56581e-307;7.56581e-307
05/07/2023 16:53:13:822;346.599;2.22517e-307;2.22517e-307;;;0.0899577;2.22517e-307;2.22517e-307;;;31.2951;2.22517e-307;2.22517e-307
05/07/2023 16:53:14:831;346.6;2.22517e-307;2.22517e-307;;;0.0902101;2.22517e-307;2.22517e-307;;;31.2491;2.22517e-307;2.22517e-307
05/07/2023 16:53:14:834;346.6;1.29062e-306;1.29062e-306;;;0.0902101;1.29062e-306;1.29062e-306;;;31.2491;1.29062e-306;1.29062e-306
05/07/2023 16:53:15:848;346.599;1.60218e-306;1.60218e-306;;;0.0890579;1.60218e-306;1.60218e-306;;;30.9255;1.60218e-306;1.60218e-306
05/07/2023 16:53:15:851;346.599;1.37962e-306;1.37962e-306;;;0.0890579;1.37962e-306;1.37962e-306;;;30.9255;1.37962e-306;1.37962e-306
05/07/2023 16:53:16:839;346.599;8.01092e-307;8.01092e-307;;;0.0897686;8.01092e-307;8.01092e-307;;;31.1407;8.01092e-307;8.01092e-307
05/07/2023 16:53:16:844;346.599;8.45599e-307;8.45599e-307;;;0.0897686;8.45599e-307;8.45599e-307;;;31.1407;8.45599e-307;8.45599e-307
05/07/2023 16:53:17:901;346.598;3.19004e-304;3.19004e-304;;;0.0894329;3.19004e-304;3.19004e-304;;;31.0573;3.19004e-304;3.19004e-304
05/07/2023 16:53:17:904;346.598;3.19004e-304;3.19004e-304;;;0.0894329;3.19004e-304;3.19004e-304;;;31.0573;3.19004e-304;3.19004e-304
05/07/2023 16:53:18:900;346.599;9.34604e-307;9.34604e-307;;;0.0886629;9.34604e-307;9.34604e-307;;;30.7855;9.34604e-307;9.34604e-307
05/07/2023 16:53:18:903;346.599;9.34611e-307;9.34611e-307;;;0.0886629;9.34611e-307;9.34611e-307;;;30.7855;9.34611e-307;9.34611e-307
05/07/2023 16:53:19:907;346.6;1.60219e-306;1.60219e-306;;;0.089061;1.60219e-306;1.60219e-306;;;30.9446;1.60219e-306;1.60219e-306
05/07/2023 16:53:19:911;346.6;1.78019e-306;1.78019e-306;;;0.089061;1.78019e-306;1.78019e-306;;;30.9446;1.78019e-306;1.78019e-306
05/07/2023 16:53:20:907;346.599;1.50199e-307;1.50199e-307;;;0.0871888;1.50199e-307;1.50199e-307;;;30.2165;1.50199e-307;1.50199e-307
05/07/2023 16:53:20:911;346.599;1.502e-307;1.502e-307;;;0.0871888;1.502e-307;1.502e-307;;;30.2165;1.502e-307;1.502e-307
05/07/2023 16:53:21:944;346.6;1.52544e-307;1.52544e-307;;;0.0898472;1.52544e-307;1.52544e-307;;;31.2264;1.52544e-307;1.52544e-307
05/07/2023 16:53:21:948;346.6;3.08905e+187;3.08905e+187;;;0.0898472;3.08905e+187;3.08905e+187;;;31.2264;3.08905e+187;3.08905e+187
05/07/2023 16:53:22:969;346.6;3.09353e+187;3.09353e+187;;;0.0905605;3.09353e+187;3.09353e+187;;;31.3489;3.09353e+187;3.09353e+187
05/07/2023 16:53:22:973;346.6;3.08959e+187;3.08959e+187;;;0.0905605;3.08959e+187;3.08959e+187;;;31.3489;3.08959e+187;3.08959e+187
05/07/2023 16:53:23:970;346.598;3.08278e+187;3.08278e+187;;;0.089841;3.08278e+187;3.08278e+187;;;31.202;3.08278e+187;3.08278e+187
05/07/2023 16:53:23:973;346.598;9.34587e-307;9.34587e-307;;;0.089841;9.34587e-307;9.34587e-307;;;31.202;9.34587e-307;9.34587e-307
05/07/2023 16:53:24:973;346.598;7.56581e-307;7.56581e-307;;;0.0887465;7.56581e-307;7.56581e-307;;;30.8744;7.56581e-307;7.56581e-307
05/07/2023 16:53:24:977;346.598;1.86916e-306;1.86916e-306;;;0.0887465;1.86916e-306;1.86916e-306;;;30.8744;1.86916e-306;1.86916e-306
05/07/2023 16:53:26:003;346.599;1.06808e-306;1.06808e-306;;;0.0883896;1.06808e-306;1.06808e-306;;;30.7638;1.06808e-306;1.06808e-306
05/07/2023 16:53:26:006;346.599;1.33512e-306;1.33512e-306;;;0.0883896;1.33512e-306;1.33512e-306;;;30.7638;1.33512e-306;1.33512e-306
05/07/2023 16:53:27:010;346.599;1.50201e-307;1.50201e-307;;;0.0879598;1.50201e-307;1.50201e-307;;;30.5156;1.50201e-307;1.50201e-307
05/07/2023 16:53:27:015;346.599;1.29061e-306;1.29061e-306;;;0.0879598;1.29061e-306;1.29061e-306;;;30.5156;1.29061e-306;1.29061e-306
05/07/2023 16:53:28:042;346.599;1.78019e-306;1.78019e-306;;;0.0899167;1.78019e-306;1.78019e-306;;;31.1595;1.78019e-306;1.78019e-306
05/07/2023 16:53:28:045;346.599;1.89141e-307;1.89141e-307;;;0.0899167;1.89141e-307;1.89141e-307;;;31.1595;1.89141e-307;1.89141e-307
05/07/2023 16:53:29:063;346.599;3.00395e-307;3.00395e-307;;;0.0889275;3.00395e-307;3.00395e-307;;;30.9525;3.00395e-307;3.00395e-307
05/07/2023 16:53:29:066;346.599;1.07489e-247;1.07489e-247;;;0.0889275;1.07489e-247;1.07489e-247;;;30.9525;1.07489e-247;1.07489e-247
05/07/2023 16:53:30:095;346.598;2.01678e-248;2.01678e-248;;;0.0900065;2.01678e-248;2.01678e-248;;;31.2592;2.01678e-248;2.01678e-248
05/07/2023 16:53:30:098;346.598;5.14006e-248;5.14006e-248;;;0.0900065;5.14006e-248;5.14006e-248;;;31.2592;5.14006e-248;5.14006e-248
05/07/2023 16:53:31:285;346.599;5.19334e-247;5.19334e-247;;;0.0897599;5.19334e-247;5.19334e-247;;;31.0478;5.19334e-247;5.19334e-247
05/07/2023 16:53:31:289;346.599;2.68609e-247;2.68609e-247;;;0.0897599;2.68609e-247;2.68609e-247;;;31.0478;2.68609e-247;2.68609e-247
05/07/2023 16:53:32:121;346.6;4.83588e-247;4.83588e-247;;;0.0889793;4.83588e-247;4.83588e-247;;;30.9176;4.83588e-247;4.83588e-247
05/07/2023 16:53:32:125;346.6;5.15078e-248;5.15078e-248;;;0.0889793;5.15078e-248;5.15078e-248;;;30.9176;5.15078e-248;5.15078e-248
